"cr2sub_id","gauge_id","area"
"01050008","2120001",52282.2539
"01110011","1211001",3342.3792
"01211007","1211001",3342.3792
"01211008","1211001",3342.3792
"01211009","1211001",3342.3792
"01211010","1211001",3342.3792
"01310048","1211001",3342.3792
"01700013","2120001",52282.2539
"01700014","2120001",52282.2539
"01700016","2120001",52282.2539
"01700017","2120001",52282.2539
"01700018","2120001",52282.2539
"01700019","2120001",52282.2539
"01700020","2120001",52282.2539
"01700021","2120001",52282.2539
"01700023","2120001",52282.2539
"01700024","2120001",52282.2539
"01700025","2120001",52282.2539
"01700026","2120001",52282.2539
"01700027","2120001",52282.2539
"01700028","2120001",52282.2539
"01700029","2120001",52282.2539
"01700030","2120001",52282.2539
"01700031","2120001",52282.2539
"01700032","2120001",52282.2539
"01700033","2120001",52282.2539
"01700034","2120001",52282.2539
"01700037","2120001",52282.2539
"01700038","2120001",52282.2539
"01700039","2120001",52282.2539
"01700040","2120001",52282.2539
"01700041","2120001",52282.2539
"01700042","2120001",52282.2539
"01700043","2120001",52282.2539
"01700044","2120001",52282.2539
"01700046","2120001",52282.2539
"01700047","2120001",52282.2539
"01700049","2120001",52282.2539
"01700050","2120001",52282.2539
"01700051","2120001",52282.2539
"01700052","2120001",52282.2539
"01700053","2120001",52282.2539
"01700054","2120001",52282.2539
"01700055","2120001",52282.2539
"01700056","2120001",52282.2539
"01700057","2120001",52282.2539
"01700058","2120001",52282.2539
"01700059","2120001",52282.2539
"01700060","2120001",52282.2539
"01700061","2120001",52282.2539
"01700062","2120001",52282.2539
"01700063","2120001",52282.2539
"01700064","2120001",52282.2539
"01700065","2120001",52282.2539
"01700068","2120001",52282.2539
"01700069","2120001",52282.2539
"01700070","2120001",52282.2539
"01700071","2120001",52282.2539
"01700073","2120001",52282.2539
"01700074","2120001",52282.2539
"01700076","2120001",52282.2539
"01700077","2120001",52282.2539
"01700078","2120001",52282.2539
"01700080","2120001",52282.2539
"01700082","2120001",52282.2539
"01700083","2120001",52282.2539
"01700084","2120001",52282.2539
"01700085","2120001",52282.2539
"01700089","2120001",52282.2539
"01700091","2120001",52282.2539
"01700092","2120001",52282.2539
"01700093","2120001",52282.2539
"01700094","2120001",52282.2539
"01700095","2120001",52282.2539
"01700097","2120001",52282.2539
"01700098","2120001",52282.2539
"01700100","2120001",52282.2539
"01700101","2120001",52282.2539
"01700102","2120001",52282.2539
"01700103","2120001",52282.2539
"01700104","2120001",52282.2539
"01700105","2120001",52282.2539
"01700106","2120001",52282.2539
"01700108","2120001",52282.2539
"01700109","2120001",52282.2539
"01720005","2120001",52282.2539
"02105023","2105005",2391.3301
"02105023","2110001",10535.1133
"02105023","2110002",10535.1133
"02105023","2110004",10723.7061
"02105023","2110031",9120.3584
"02105023","2112005",23967.4551
"02105023","2112006",13468.6807
"02105023","2112007",16430.6699
"02105023","2120001",52282.2539
"02105024","2105005",2391.3301
"02105024","2110001",10535.1133
"02105024","2110002",10535.1133
"02105024","2110004",10723.7061
"02105024","2110031",9120.3584
"02105024","2112005",23967.4551
"02105024","2112006",13468.6807
"02105024","2112007",16430.6699
"02105024","2120001",52282.2539
"02105025","2105005",2391.3301
"02105025","2110001",10535.1133
"02105025","2110002",10535.1133
"02105025","2110004",10723.7061
"02105025","2110031",9120.3584
"02105025","2112005",23967.4551
"02105025","2112006",13468.6807
"02105025","2112007",16430.6699
"02105025","2120001",52282.2539
"02105026","2105005",2391.3301
"02105026","2110001",10535.1133
"02105026","2110002",10535.1133
"02105026","2110004",10723.7061
"02105026","2110031",9120.3584
"02105026","2112005",23967.4551
"02105026","2112006",13468.6807
"02105026","2112007",16430.6699
"02105026","2120001",52282.2539
"02105027","2105005",2391.3301
"02105027","2110001",10535.1133
"02105027","2110002",10535.1133
"02105027","2110004",10723.7061
"02105027","2110031",9120.3584
"02105027","2112005",23967.4551
"02105027","2112006",13468.6807
"02105027","2112007",16430.6699
"02105027","2120001",52282.2539
"02105028","2105005",2391.3301
"02105028","2110001",10535.1133
"02105028","2110002",10535.1133
"02105028","2110004",10723.7061
"02105028","2110031",9120.3584
"02105028","2112005",23967.4551
"02105028","2112006",13468.6807
"02105028","2112007",16430.6699
"02105028","2120001",52282.2539
"02105029","2105002",807.2354
"02105029","2105005",2391.3301
"02105029","2110001",10535.1133
"02105029","2110002",10535.1133
"02105029","2110004",10723.7061
"02105029","2110031",9120.3584
"02105029","2112005",23967.4551
"02105029","2112006",13468.6807
"02105029","2112007",16430.6699
"02105029","2120001",52282.2539
"02105030","2105005",2391.3301
"02105030","2110001",10535.1133
"02105030","2110002",10535.1133
"02105030","2110004",10723.7061
"02105030","2110031",9120.3584
"02105030","2112005",23967.4551
"02105030","2112006",13468.6807
"02105030","2112007",16430.6699
"02105030","2120001",52282.2539
"02105032","2105005",2391.3301
"02105032","2110001",10535.1133
"02105032","2110002",10535.1133
"02105032","2110004",10723.7061
"02105032","2110031",9120.3584
"02105032","2112005",23967.4551
"02105032","2112006",13468.6807
"02105032","2112007",16430.6699
"02105032","2120001",52282.2539
"02110015","2105005",2391.3301
"02110015","2110001",10535.1133
"02110015","2110002",10535.1133
"02110015","2110004",10723.7061
"02110015","2110031",9120.3584
"02110015","2112005",23967.4551
"02110015","2112006",13468.6807
"02110015","2112007",16430.6699
"02110015","2120001",52282.2539
"02110016","2105005",2391.3301
"02110016","2110001",10535.1133
"02110016","2110002",10535.1133
"02110016","2110004",10723.7061
"02110016","2110031",9120.3584
"02110016","2112005",23967.4551
"02110016","2112006",13468.6807
"02110016","2112007",16430.6699
"02110016","2120001",52282.2539
"02110017","2110001",10535.1133
"02110017","2110002",10535.1133
"02110017","2110004",10723.7061
"02110017","2112005",23967.4551
"02110017","2112006",13468.6807
"02110017","2112007",16430.6699
"02110017","2120001",52282.2539
"02110018","2110004",10723.7061
"02110018","2112005",23967.4551
"02110018","2112006",13468.6807
"02110018","2112007",16430.6699
"02110018","2120001",52282.2539
"02110019","2110001",10535.1133
"02110019","2110002",10535.1133
"02110019","2110004",10723.7061
"02110019","2110031",9120.3584
"02110019","2112005",23967.4551
"02110019","2112006",13468.6807
"02110019","2112007",16430.6699
"02110019","2120001",52282.2539
"03041011","3022001",12320.5254
"03041011","3041004",4503.771
"03404003","3404001",4201.1201
"03404003","3430001",7573.4932
"03404003","3430002",7834.8765
"03404003","3430003",7469.1489
"03404003","3431001",8352.7188
"03404003","3434001",10167.0059
"03404003","3434003",10178.6357
"03404003","3450001",17125.8145
"03404003","3453001",18561.4707
"03414003","3404001",4201.1201
"03414003","3430001",7573.4932
"03414003","3430002",7834.8765
"03414003","3430003",7469.1489
"03414003","3431001",8352.7188
"03414003","3434001",10167.0059
"03414003","3434003",10178.6357
"03414003","3450001",17125.8145
"03414003","3453001",18561.4707
"03414004","3414001",2023.1888
"03414004","3430001",7573.4932
"03414004","3430002",7834.8765
"03414004","3430003",7469.1489
"03414004","3431001",8352.7188
"03414004","3434001",10167.0059
"03414004","3434003",10178.6357
"03414004","3450001",17125.8145
"03414004","3453001",18561.4707
"03414005","3414001",2023.1888
"03414005","3430001",7573.4932
"03414005","3430002",7834.8765
"03414005","3430003",7469.1489
"03414005","3431001",8352.7188
"03414005","3434001",10167.0059
"03414005","3434003",10178.6357
"03414005","3450001",17125.8145
"03414005","3453001",18561.4707
"03421005","3430001",7573.4932
"03421005","3430002",7834.8765
"03421005","3430003",7469.1489
"03421005","3431001",8352.7188
"03421005","3434001",10167.0059
"03421005","3434003",10178.6357
"03421005","3450001",17125.8145
"03421005","3453001",18561.4707
"03421006","3430001",7573.4932
"03421006","3430002",7834.8765
"03421006","3430003",7469.1489
"03421006","3431001",8352.7188
"03421006","3434001",10167.0059
"03421006","3434003",10178.6357
"03421006","3450001",17125.8145
"03421006","3453001",18561.4707
"03430008","3430002",7834.8765
"03430008","3431001",8352.7188
"03430008","3434001",10167.0059
"03430008","3434003",10178.6357
"03430008","3450001",17125.8145
"03430008","3453001",18561.4707
"03430009","3430002",7834.8765
"03430009","3431001",8352.7188
"03430009","3434001",10167.0059
"03430009","3434003",10178.6357
"03430009","3450001",17125.8145
"03430009","3453001",18561.4707
"03430010","3431001",8352.7188
"03430010","3434001",10167.0059
"03430010","3434003",10178.6357
"03430010","3450001",17125.8145
"03430010","3453001",18561.4707
"03430011","3430002",7834.8765
"03430011","3431001",8352.7188
"03430011","3434001",10167.0059
"03430011","3434003",10178.6357
"03430011","3450001",17125.8145
"03430011","3453001",18561.4707
"03430012","3430001",7573.4932
"03430012","3430002",7834.8765
"03430012","3430003",7469.1489
"03430012","3431001",8352.7188
"03430012","3434001",10167.0059
"03430012","3434003",10178.6357
"03430012","3450001",17125.8145
"03430012","3453001",18561.4707
"03430013","3430001",7573.4932
"03430013","3430002",7834.8765
"03430013","3430003",7469.1489
"03430013","3431001",8352.7188
"03430013","3434001",10167.0059
"03430013","3434003",10178.6357
"03430013","3450001",17125.8145
"03430013","3453001",18561.4707
"03430014","3430001",7573.4932
"03430014","3430002",7834.8765
"03430014","3431001",8352.7188
"03430014","3434001",10167.0059
"03430014","3434003",10178.6357
"03430014","3450001",17125.8145
"03430014","3453001",18561.4707
"03430015","3430002",7834.8765
"03430015","3431001",8352.7188
"03430015","3434001",10167.0059
"03430015","3434003",10178.6357
"03430015","3450001",17125.8145
"03430015","3453001",18561.4707
"03430018","3430002",7834.8765
"03430018","3431001",8352.7188
"03430018","3434001",10167.0059
"03430018","3434003",10178.6357
"03430018","3450001",17125.8145
"03430018","3453001",18561.4707
"03430019","3430001",7573.4932
"03430019","3430002",7834.8765
"03430019","3430003",7469.1489
"03430019","3431001",8352.7188
"03430019","3434001",10167.0059
"03430019","3434003",10178.6357
"03430019","3450001",17125.8145
"03430019","3453001",18561.4707
"03430020","3430002",7834.8765
"03430020","3431001",8352.7188
"03430020","3434001",10167.0059
"03430020","3434003",10178.6357
"03430020","3450001",17125.8145
"03430020","3453001",18561.4707
"03430021","3430002",7834.8765
"03430021","3431001",8352.7188
"03430021","3434001",10167.0059
"03430021","3434003",10178.6357
"03430021","3450001",17125.8145
"03430021","3453001",18561.4707
"03430022","3430002",7834.8765
"03430022","3431001",8352.7188
"03430022","3434001",10167.0059
"03430022","3434003",10178.6357
"03430022","3450001",17125.8145
"03430022","3453001",18561.4707
"03430023","3430001",7573.4932
"03430023","3430002",7834.8765
"03430023","3430003",7469.1489
"03430023","3431001",8352.7188
"03430023","3434001",10167.0059
"03430023","3434003",10178.6357
"03430023","3450001",17125.8145
"03430023","3453001",18561.4707
"03430024","3430002",7834.8765
"03430024","3431001",8352.7188
"03430024","3434001",10167.0059
"03430024","3434003",10178.6357
"03430024","3450001",17125.8145
"03430024","3453001",18561.4707
"03430025","3430002",7834.8765
"03430025","3431001",8352.7188
"03430025","3434001",10167.0059
"03430025","3434003",10178.6357
"03430025","3450001",17125.8145
"03430025","3453001",18561.4707
"03431005","3434001",10167.0059
"03431005","3434003",10178.6357
"03431005","3450001",17125.8145
"03431005","3453001",18561.4707
"03431006","3434001",10167.0059
"03431006","3434003",10178.6357
"03431006","3450001",17125.8145
"03431006","3453001",18561.4707
"03431007","3434001",10167.0059
"03431007","3434003",10178.6357
"03431007","3450001",17125.8145
"03431007","3453001",18561.4707
"03431008","3434001",10167.0059
"03431008","3434003",10178.6357
"03431008","3450001",17125.8145
"03431008","3453001",18561.4707
"03431009","3431001",8352.7188
"03431009","3434001",10167.0059
"03431009","3434003",10178.6357
"03431009","3450001",17125.8145
"03431009","3453001",18561.4707
"03431010","3434001",10167.0059
"03431010","3434003",10178.6357
"03431010","3450001",17125.8145
"03431010","3453001",18561.4707
"03431011","3434001",10167.0059
"03431011","3434003",10178.6357
"03431011","3450001",17125.8145
"03431011","3453001",18561.4707
"03431012","3434001",10167.0059
"03431012","3434003",10178.6357
"03431012","3450001",17125.8145
"03431012","3453001",18561.4707
"03431013","3434001",10167.0059
"03431013","3434003",10178.6357
"03431013","3450001",17125.8145
"03431013","3453001",18561.4707
"03431014","3434001",10167.0059
"03431014","3434003",10178.6357
"03431014","3450001",17125.8145
"03431014","3453001",18561.4707
"03431015","3434001",10167.0059
"03431015","3434003",10178.6357
"03431015","3450001",17125.8145
"03431015","3453001",18561.4707
"03431016","3434001",10167.0059
"03431016","3434003",10178.6357
"03431016","3450001",17125.8145
"03431016","3453001",18561.4707
"03434005","3434001",10167.0059
"03434005","3434003",10178.6357
"03434005","3450001",17125.8145
"03434005","3453001",18561.4707
"03434006","3434001",10167.0059
"03434006","3434003",10178.6357
"03434006","3450001",17125.8145
"03434006","3453001",18561.4707
"03434007","3450001",17125.8145
"03434007","3453001",18561.4707
"03434008","3450001",17125.8145
"03434008","3453001",18561.4707
"03434009","3450001",17125.8145
"03434009","3453001",18561.4707
"03434011","3434003",10178.6357
"03434011","3450001",17125.8145
"03434011","3453001",18561.4707
"03434012","3450001",17125.8145
"03434012","3453001",18561.4707
"03434013","3450001",17125.8145
"03434013","3453001",18561.4707
"03434014","3450001",17125.8145
"03434014","3453001",18561.4707
"03434015","3434003",10178.6357
"03434015","3450001",17125.8145
"03434015","3453001",18561.4707
"03434016","3450001",17125.8145
"03434016","3453001",18561.4707
"03434017","3450001",17125.8145
"03434017","3453001",18561.4707
"03434018","3450001",17125.8145
"03434018","3453001",18561.4707
"03434019","3450001",17125.8145
"03434019","3453001",18561.4707
"03445001","3450001",17125.8145
"03445001","3453001",18561.4707
"03450005","3450001",17125.8145
"03450005","3453001",18561.4707
"03450006","3450001",17125.8145
"03450006","3453001",18561.4707
"03450007","3450001",17125.8145
"03450007","3453001",18561.4707
"03450008","3453001",18561.4707
"03450009","3450001",17125.8145
"03450009","3453001",18561.4707
"03450010","3453001",18561.4707
"03450011","3453001",18561.4707
"03450012","3453001",18561.4707
"03450013","3453001",18561.4707
"03450014","3453001",18561.4707
"03450015","3450001",17125.8145
"03450015","3453001",18561.4707
"03450016","3453001",18561.4707
"03450017","3450001",17125.8145
"03450017","3453001",18561.4707
"03450019","3453001",18561.4707
"03450020","3453001",18561.4707
"03450021","3450001",17125.8145
"03450021","3453001",18561.4707
"03450022","3453001",18561.4707
"03450023","3450001",17125.8145
"03450023","3453001",18561.4707
"03451003","3453001",18561.4707
"03451004","3453001",18561.4707
"03451005","3453001",18561.4707
"03451006","3453001",18561.4707
"03451007","3453001",18561.4707
"03451008","3453001",18561.4707
"03451009","3453001",18561.4707
"03451010","3453001",18561.4707
"03451011","3453001",18561.4707
"03451012","3453001",18561.4707
"03451013","3453001",18561.4707
"03451014","3453001",18561.4707
"03451015","3453001",18561.4707
"03451016","3453001",18561.4707
"03451017","3453001",18561.4707
"03451018","3453001",18561.4707
"03451019","3453001",18561.4707
"03451020","3453001",18561.4707
"03451021","3453001",18561.4707
"03451023","3453001",18561.4707
"03451024","3453001",18561.4707
"03451025","3453001",18561.4707
"03451026","3453001",18561.4707
"03451027","3453001",18561.4707
"03451028","3453001",18561.4707
"03451029","3453001",18561.4707
"03451030","3453001",18561.4707
"03451031","3453001",18561.4707
"03453005","3453001",18561.4707
"03453006","3453001",18561.4707
"03453007","3453001",18561.4707
"03804008","3806001",4105.4468
"03804008","3820001",7203.1724
"03804008","3820002",7259.0796
"03804008","3820003",7387.396
"03804008","3825001",9330.9072
"03804008","3826001",9743.3516
"03805002","3806001",4105.4468
"03805002","3820001",7203.1724
"03805002","3820002",7259.0796
"03805002","3820003",7387.396
"03805002","3825001",9330.9072
"03805002","3826001",9743.3516
"03806003","3806001",4105.4468
"03806003","3820001",7203.1724
"03806003","3820002",7259.0796
"03806003","3820003",7387.396
"03806003","3825001",9330.9072
"03806003","3826001",9743.3516
"03806004","3806001",4105.4468
"03806004","3815001",3040.1538
"03806004","3820001",7203.1724
"03806004","3820002",7259.0796
"03806004","3820003",7387.396
"03806004","3825001",9330.9072
"03806004","3826001",9743.3516
"03806005","3806001",4105.4468
"03806005","3820001",7203.1724
"03806005","3820002",7259.0796
"03806005","3820003",7387.396
"03806005","3825001",9330.9072
"03806005","3826001",9743.3516
"03814004","3814001",2797.1846
"03814004","3815001",3040.1538
"03814004","3815002",2757.7056
"03814004","3820001",7203.1724
"03814004","3820002",7259.0796
"03814004","3820003",7387.396
"03814004","3825001",9330.9072
"03814004","3826001",9743.3516
"03815005","3815001",3040.1538
"03815005","3820001",7203.1724
"03815005","3820002",7259.0796
"03815005","3820003",7387.396
"03815005","3825001",9330.9072
"03815005","3826001",9743.3516
"03815006","3815001",3040.1538
"03815006","3820001",7203.1724
"03815006","3820002",7259.0796
"03815006","3820003",7387.396
"03815006","3825001",9330.9072
"03815006","3826001",9743.3516
"03820006","3820001",7203.1724
"03820006","3820002",7259.0796
"03820006","3820003",7387.396
"03820006","3825001",9330.9072
"03820006","3826001",9743.3516
"03820007","3820002",7259.0796
"03820007","3820003",7387.396
"03820007","3825001",9330.9072
"03820007","3826001",9743.3516
"03820008","3820003",7387.396
"03820008","3825001",9330.9072
"03820008","3826001",9743.3516
"03823005","3825001",9330.9072
"03823005","3826001",9743.3516
"03823006","3825001",9330.9072
"03823006","3826001",9743.3516
"03823008","3825001",9330.9072
"03823008","3826001",9743.3516
"03823010","3825001",9330.9072
"03823010","3826001",9743.3516
"03823011","3825001",9330.9072
"03823011","3826001",9743.3516
"03825005","3826001",9743.3516
"03825006","3825001",9330.9072
"03825006","3826001",9743.3516
"03826004","3826001",9743.3516
"03826005","3826001",9743.3516
"03826006","3826001",9743.3516
"03826007","3826001",9743.3516
"03826008","3826001",9743.3516
"03826009","3826001",9743.3516
"04304003","4306001",2814.0093
"04304003","4308001",4085.3975
"04304003","4320001",5672.1196
"04304003","4323001",6611.5303
"04304003","4335001",9402.9805
"04306003","4308001",4085.3975
"04306003","4320001",5672.1196
"04306003","4323001",6611.5303
"04306003","4335001",9402.9805
"04307001","4308001",4085.3975
"04307001","4320001",5672.1196
"04307001","4323001",6611.5303
"04307001","4335001",9402.9805
"04308004","4320001",5672.1196
"04308004","4323001",6611.5303
"04308004","4335001",9402.9805
"04308005","4320001",5672.1196
"04308005","4323001",6611.5303
"04308005","4335001",9402.9805
"04308006","4308001",4085.3975
"04308006","4320001",5672.1196
"04308006","4323001",6611.5303
"04308006","4335001",9402.9805
"04308010","4308001",4085.3975
"04308010","4320001",5672.1196
"04308010","4323001",6611.5303
"04308010","4335001",9402.9805
"04311006","4314001",1249.5631
"04311006","4314002",1513.3781
"04311006","4320001",5672.1196
"04311006","4323001",6611.5303
"04311006","4335001",9402.9805
"04314004","4314001",1249.5631
"04314004","4314002",1513.3781
"04314004","4320001",5672.1196
"04314004","4323001",6611.5303
"04314004","4335001",9402.9805
"04314005","4314002",1513.3781
"04314005","4320001",5672.1196
"04314005","4323001",6611.5303
"04314005","4335001",9402.9805
"04314006","4320001",5672.1196
"04314006","4323001",6611.5303
"04314006","4335001",9402.9805
"04314007","4314002",1513.3781
"04314007","4320001",5672.1196
"04314007","4323001",6611.5303
"04314007","4335001",9402.9805
"04320004","4320001",5672.1196
"04320004","4323001",6611.5303
"04320004","4335001",9402.9805
"04320005","4323001",6611.5303
"04320005","4335001",9402.9805
"04320006","4323001",6611.5303
"04320006","4335001",9402.9805
"04320007","4323001",6611.5303
"04320007","4335001",9402.9805
"04320008","4323001",6611.5303
"04320008","4335001",9402.9805
"04320009","4323001",6611.5303
"04320009","4335001",9402.9805
"04320010","4323001",6611.5303
"04320010","4335001",9402.9805
"04320011","4323001",6611.5303
"04320011","4335001",9402.9805
"04320012","4323001",6611.5303
"04320012","4335001",9402.9805
"04320013","4323001",6611.5303
"04320013","4335001",9402.9805
"04320014","4323001",6611.5303
"04320014","4335001",9402.9805
"04320015","4323001",6611.5303
"04320015","4335001",9402.9805
"04320016","4323001",6611.5303
"04320016","4335001",9402.9805
"04321002","4323001",6611.5303
"04321002","4335001",9402.9805
"04321003","4323001",6611.5303
"04321003","4335001",9402.9805
"04321004","4323001",6611.5303
"04321004","4335001",9402.9805
"04321005","4323001",6611.5303
"04321005","4335001",9402.9805
"04321006","4323001",6611.5303
"04321006","4335001",9402.9805
"04323008","4323001",6611.5303
"04323008","4335001",9402.9805
"04323009","4323001",6611.5303
"04323009","4335001",9402.9805
"04323010","4323001",6611.5303
"04323010","4335001",9402.9805
"04323011","4335001",9402.9805
"04323012","4323001",6611.5303
"04323012","4335001",9402.9805
"04323013","4323001",6611.5303
"04323013","4335001",9402.9805
"04330001","4335001",9402.9805
"04330005","4335001",9402.9805
"04331005","4335001",9402.9805
"04331006","4335001",9402.9805
"04331007","4335001",9402.9805
"04331008","4335001",9402.9805
"04331009","4335001",9402.9805
"04331010","4335001",9402.9805
"04331011","4335001",9402.9805
"04331012","4335001",9402.9805
"04331013","4335001",9402.9805
"04331014","4335001",9402.9805
"04331015","4335001",9402.9805
"04331016","4335001",9402.9805
"04331017","4335001",9402.9805
"04331018","4335001",9402.9805
"04334002","4335001",9402.9805
"04334006","4335001",9402.9805
"04335003","4335001",9402.9805
"04335004","4335001",9402.9805
"04335008","4335001",9402.9805
"04335009","4335001",9402.9805
"04400003","4400001",190.2996
"04400004","4400001",190.2996
"04400005","4400001",190.2996
"04400006","4400001",190.2996
"04400007","4400001",190.2996
"04400008","4400001",190.2996
"04400009","4400001",190.2996
"04400011","4400001",190.2996
"04400013","4400001",190.2996
"04400014","4400001",190.2996
"04400015","4400001",190.2996
"04400020","4400001",190.2996
"04400021","4400001",190.2996
"04400022","4400001",190.2996
"04400023","4400001",190.2996
"04400024","4400001",190.2996
"04400027","4400001",190.2996
"04400028","4400001",190.2996
"04400030","4400001",190.2996
"04400031","4400001",190.2996
"04400034","4400001",190.2996
"04400038","4400001",190.2996
"04400042","4400001",190.2996
"04503004","4503001",1837.696
"04503004","4506002",2259.5747
"04503004","4550003",9351.8555
"04503004","4558001",11422.6006
"04503005","4503001",1837.696
"04503005","4506002",2259.5747
"04503005","4550003",9351.8555
"04503005","4558001",11422.6006
"04506008","4550003",9351.8555
"04506008","4558001",11422.6006
"04506009","4550003",9351.8555
"04506009","4558001",11422.6006
"04516004","4523001",3016.501
"04516004","4523002",3530.1851
"04516004","4540001",6305.3569
"04516004","4550003",9351.8555
"04516004","4558001",11422.6006
"04522004","4522002",820.7537
"04522004","4523001",3016.501
"04522004","4523002",3530.1851
"04522004","4540001",6305.3569
"04522004","4550003",9351.8555
"04522004","4558001",11422.6006
"04522005","4522002",820.7537
"04522005","4523001",3016.501
"04522005","4523002",3530.1851
"04522005","4540001",6305.3569
"04522005","4550003",9351.8555
"04522005","4558001",11422.6006
"04522006","4522002",820.7537
"04522006","4523001",3016.501
"04522006","4523002",3530.1851
"04522006","4540001",6305.3569
"04522006","4550003",9351.8555
"04522006","4558001",11422.6006
"04522007","4522002",820.7537
"04522007","4523001",3016.501
"04522007","4523002",3530.1851
"04522007","4540001",6305.3569
"04522007","4550003",9351.8555
"04522007","4558001",11422.6006
"04524002","4540001",6305.3569
"04524002","4550003",9351.8555
"04524002","4558001",11422.6006
"04524003","4540001",6305.3569
"04524003","4550003",9351.8555
"04524003","4558001",11422.6006
"04524004","4540001",6305.3569
"04524004","4550003",9351.8555
"04524004","4558001",11422.6006
"04531004","4537001",2462.7102
"04531004","4540001",6305.3569
"04531004","4540002",2491.3662
"04531004","4550003",9351.8555
"04531004","4558001",11422.6006
"04531005","4531002",753.1226
"04531005","4535002",1600.5845
"04531005","4537001",2462.7102
"04531005","4540001",6305.3569
"04531005","4540002",2491.3662
"04531005","4550003",9351.8555
"04531005","4558001",11422.6006
"04532007","4534001",798.1378
"04532007","4535002",1600.5845
"04532007","4537001",2462.7102
"04532007","4540001",6305.3569
"04532007","4540002",2491.3662
"04532007","4550003",9351.8555
"04532007","4558001",11422.6006
"04532008","4534001",798.1378
"04532008","4535002",1600.5845
"04532008","4537001",2462.7102
"04532008","4540001",6305.3569
"04532008","4540002",2491.3662
"04532008","4550003",9351.8555
"04532008","4558001",11422.6006
"04532009","4534001",798.1378
"04532009","4535002",1600.5845
"04532009","4537001",2462.7102
"04532009","4540001",6305.3569
"04532009","4540002",2491.3662
"04532009","4550003",9351.8555
"04532009","4558001",11422.6006
"04532010","4534001",798.1378
"04532010","4535002",1600.5845
"04532010","4537001",2462.7102
"04532010","4540001",6305.3569
"04532010","4540002",2491.3662
"04532010","4550003",9351.8555
"04532010","4558001",11422.6006
"04533003","4534001",798.1378
"04533003","4535002",1600.5845
"04533003","4537001",2462.7102
"04533003","4540001",6305.3569
"04533003","4540002",2491.3662
"04533003","4550003",9351.8555
"04533003","4558001",11422.6006
"04533004","4534001",798.1378
"04533004","4535002",1600.5845
"04533004","4537001",2462.7102
"04533004","4540001",6305.3569
"04533004","4540002",2491.3662
"04533004","4550003",9351.8555
"04533004","4558001",11422.6006
"04533005","4534001",798.1378
"04533005","4535002",1600.5845
"04533005","4537001",2462.7102
"04533005","4540001",6305.3569
"04533005","4540002",2491.3662
"04533005","4550003",9351.8555
"04533005","4558001",11422.6006
"04533006","4534001",798.1378
"04533006","4535002",1600.5845
"04533006","4537001",2462.7102
"04533006","4540001",6305.3569
"04533006","4540002",2491.3662
"04533006","4550003",9351.8555
"04533006","4558001",11422.6006
"04537004","4540001",6305.3569
"04537004","4540002",2491.3662
"04537004","4550003",9351.8555
"04537004","4558001",11422.6006
"04537005","4540001",6305.3569
"04537005","4550003",9351.8555
"04537005","4558001",11422.6006
"04537006","4537001",2462.7102
"04537006","4540001",6305.3569
"04537006","4540002",2491.3662
"04537006","4550003",9351.8555
"04537006","4558001",11422.6006
"04537007","4540001",6305.3569
"04537007","4550003",9351.8555
"04537007","4558001",11422.6006
"04537008","4523001",3016.501
"04537008","4523002",3530.1851
"04537008","4540001",6305.3569
"04537008","4550003",9351.8555
"04537008","4558001",11422.6006
"04537009","4523001",3016.501
"04537009","4523002",3530.1851
"04537009","4540001",6305.3569
"04537009","4550003",9351.8555
"04537009","4558001",11422.6006
"04537010","4540001",6305.3569
"04537010","4550003",9351.8555
"04537010","4558001",11422.6006
"04537011","4537001",2462.7102
"04537011","4540001",6305.3569
"04537011","4540002",2491.3662
"04537011","4550003",9351.8555
"04537011","4558001",11422.6006
"04540007","4550003",9351.8555
"04540007","4558001",11422.6006
"04540008","4550003",9351.8555
"04540008","4558001",11422.6006
"04540009","4550003",9351.8555
"04540009","4558001",11422.6006
"04540010","4550003",9351.8555
"04540010","4558001",11422.6006
"04540011","4550003",9351.8555
"04540011","4558001",11422.6006
"04540012","4550003",9351.8555
"04540012","4558001",11422.6006
"04550004","4558001",11422.6006
"04550005","4558001",11422.6006
"04550006","4558001",11422.6006
"04550007","4558001",11422.6006
"04550008","4558001",11422.6006
"04551006","4558001",11422.6006
"04551007","4550003",9351.8555
"04551007","4558001",11422.6006
"04552003","4558001",11422.6006
"04552004","4558001",11422.6006
"04552005","4558001",11422.6006
"04553003","4558001",11422.6006
"04553004","4558001",11422.6006
"04553005","4558001",11422.6006
"04553006","4558001",11422.6006
"04553007","4558001",11422.6006
"04553008","4558001",11422.6006
"04555002","4556001",838.6927
"04555002","4557002",1285.6803
"04555002","4558001",11422.6006
"04555003","4556001",838.6927
"04555003","4557002",1285.6803
"04555003","4558001",11422.6006
"04555004","4556001",838.6927
"04555004","4557002",1285.6803
"04555004","4558001",11422.6006
"04555005","4556001",838.6927
"04555005","4557002",1285.6803
"04555005","4558001",11422.6006
"04555006","4556001",838.6927
"04555006","4557002",1285.6803
"04555006","4558001",11422.6006
"04556002","4556001",838.6927
"04556002","4557002",1285.6803
"04556002","4558001",11422.6006
"04556003","4556001",838.6927
"04556003","4557002",1285.6803
"04556003","4558001",11422.6006
"04711005","4711001",2212.5327
"04711005","4716001",3670.7119
"04711005","4716004",3760.4771
"04711005","4730001",6233.9463
"04711012","4711001",2212.5327
"04711012","4716001",3670.7119
"04711012","4716004",3760.4771
"04711012","4730001",6233.9463
"04713005","4716001",3670.7119
"04713005","4716004",3760.4771
"04713005","4730001",6233.9463
"04714002","4714001",473.0117
"04714002","4716001",3670.7119
"04714002","4716004",3760.4771
"04714002","4730001",6233.9463
"04723003","4726001",2028.8032
"04723003","4730001",6233.9463
"04723004","4726001",2028.8032
"04723004","4730001",6233.9463
"04723005","4726001",2028.8032
"04723005","4730001",6233.9463
"04725002","4726001",2028.8032
"04725002","4730001",6233.9463
"04725003","4726001",2028.8032
"04725003","4730001",6233.9463
"04726005","4726001",2028.8032
"04726005","4730001",6233.9463
"04726006","4726001",2028.8032
"04726006","4730001",6233.9463
"04730005","4730001",6233.9463
"05100008","5110002",947.3442
"05100008","5120001",1969.4027
"05100009","5110002",947.3442
"05100009","5120001",1969.4027
"05100010","5110002",947.3442
"05100010","5120001",1969.4027
"05101007","5110002",947.3442
"05101007","5120001",1969.4027
"05110004","5110002",947.3442
"05110004","5120001",1969.4027
"05110005","5120001",1969.4027
"05110006","5110002",947.3442
"05110006","5120001",1969.4027
"05111005","5120001",1969.4027
"05120008","5120001",1969.4027
"05120009","5120001",1969.4027
"05120010","5120001",1969.4027
"05120012","5120001",1969.4027
"05120013","5120001",1969.4027
"05120014","5120001",1969.4027
"05120015","5120001",1969.4027
"05120016","5120001",1969.4027
"05120017","5120001",1969.4027
"05120018","5120001",1969.4027
"05120022","5120001",1969.4027
"05200008","5221001",1826.1486
"05200008","5221002",1951.9485
"05210003","5221001",1826.1486
"05210003","5221002",1951.9485
"05210005","5221001",1826.1486
"05210005","5221002",1951.9485
"05210006","5221001",1826.1486
"05210006","5221002",1951.9485
"05210007","5221001",1826.1486
"05210007","5221002",1951.9485
"05210008","5221001",1826.1486
"05210008","5221002",1951.9485
"05211006","5221001",1826.1486
"05211006","5221002",1951.9485
"05220009","5221001",1826.1486
"05220009","5221002",1951.9485
"05220010","5221001",1826.1486
"05220010","5221002",1951.9485
"05220011","5221001",1826.1486
"05220011","5221002",1951.9485
"05220012","5120001",1969.4027
"05220013","5221001",1826.1486
"05220013","5221002",1951.9485
"05221007","5221002",1951.9485
"05221008","5221001",1826.1486
"05221008","5221002",1951.9485
"05221009","5221002",1951.9485
"05221010","5221001",1826.1486
"05221010","5221002",1951.9485
"05221011","5221001",1826.1486
"05221011","5221002",1951.9485
"05221015","5221002",1951.9485
"05410009","5410005",2701.8362
"05410009","5423003",5232.1421
"05410009","5423005",5649.707
"05410010","5410005",2701.8362
"05410010","5411002",488.959
"05410010","5423003",5232.1421
"05410010","5423005",5649.707
"05410011","5410005",2701.8362
"05410011","5423003",5232.1421
"05410011","5423005",5649.707
"05410012","5410005",2701.8362
"05410012","5423003",5232.1421
"05410012","5423005",5649.707
"05410013","5410005",2701.8362
"05410013","5411002",488.959
"05410013","5423003",5232.1421
"05410013","5423005",5649.707
"05410014","5410005",2701.8362
"05410014","5411002",488.959
"05410014","5423003",5232.1421
"05410014","5423005",5649.707
"05410015","5410005",2701.8362
"05410015","5411002",488.959
"05410015","5423003",5232.1421
"05410015","5423005",5649.707
"05410016","5410005",2701.8362
"05410016","5411002",488.959
"05410016","5423003",5232.1421
"05410016","5423005",5649.707
"05410017","5410005",2701.8362
"05410017","5411002",488.959
"05410017","5423003",5232.1421
"05410017","5423005",5649.707
"05410018","5410005",2701.8362
"05410018","5411002",488.959
"05410018","5423003",5232.1421
"05410018","5423005",5649.707
"05410019","5410005",2701.8362
"05410019","5423003",5232.1421
"05410019","5423005",5649.707
"05410020","5410005",2701.8362
"05410020","5423003",5232.1421
"05410020","5423005",5649.707
"05410021","5410005",2701.8362
"05410021","5411002",488.959
"05410021","5423003",5232.1421
"05410021","5423005",5649.707
"05410023","5410005",2701.8362
"05410023","5411002",488.959
"05410023","5423003",5232.1421
"05410023","5423005",5649.707
"05414006","5423003",5232.1421
"05414006","5423005",5649.707
"05414007","5423003",5232.1421
"05414007","5423005",5649.707
"05414008","5423003",5232.1421
"05414008","5423005",5649.707
"05414009","5423003",5232.1421
"05414009","5423005",5649.707
"05415005","5423003",5232.1421
"05415005","5423005",5649.707
"05415006","5423003",5232.1421
"05415006","5423005",5649.707
"05415007","5423003",5232.1421
"05415007","5423005",5649.707
"05415008","5423003",5232.1421
"05415008","5423005",5649.707
"05415009","5423003",5232.1421
"05415009","5423005",5649.707
"05420006","5420002",105.726
"05420006","5423003",5232.1421
"05420006","5423005",5649.707
"05420007","5420002",105.726
"05420007","5423003",5232.1421
"05420007","5423005",5649.707
"05420008","5420002",105.726
"05420008","5423003",5232.1421
"05420008","5423005",5649.707
"05420009","5420002",105.726
"05420009","5423003",5232.1421
"05420009","5423005",5649.707
"05420012","5420002",105.726
"05420012","5423003",5232.1421
"05420012","5423005",5649.707
"05420013","5423003",5232.1421
"05420013","5423005",5649.707
"05421006","5421001",279.9063
"05421006","5421002",279.9063
"05421006","5423003",5232.1421
"05421006","5423005",5649.707
"05422003","5422001",328.4388
"05422003","5423002",328.4388
"05422003","5423005",5649.707
"05422004","5422001",328.4388
"05422004","5423002",328.4388
"05422004","5423005",5649.707
"05422005","5422001",328.4388
"05422005","5423002",328.4388
"05422005","5423005",5649.707
"05423015","5423006",124.4302
"05423018","5423004",37.0163
"05423018","5423005",5649.707
"05423019","5423006",124.4302
"05423024","5423003",5232.1421
"05423024","5423005",5649.707
"05426017","5427003",564.5932
"05426018","5427003",564.5932
"05427009","5427003",564.5932
"05427010","5423005",5649.707
"05427011","5427003",564.5932
"05427012","5427003",564.5932
"05427013","5427003",564.5932
"05427016","5427003",564.5932
"05710008","5748001",14918.2686
"05711004","5748001",14918.2686
"05712004","5715001",317.7179
"05712004","5716001",1481.1584
"05712004","5748001",14918.2686
"05712005","5716001",1481.1584
"05712005","5748001",14918.2686
"05712006","5748001",14918.2686
"05712007","5715001",317.7179
"05712007","5716001",1481.1584
"05712007","5748001",14918.2686
"05712008","5748001",14918.2686
"05713005","5716001",1481.1584
"05713005","5748001",14918.2686
"05713006","5716001",1481.1584
"05713006","5748001",14918.2686
"05713007","5716001",1481.1584
"05713007","5748001",14918.2686
"05713008","5716001",1481.1584
"05713008","5748001",14918.2686
"05713009","5716001",1481.1584
"05713009","5748001",14918.2686
"05713010","5716001",1481.1584
"05713010","5748001",14918.2686
"05713011","5716001",1481.1584
"05713011","5748001",14918.2686
"05713012","5716001",1481.1584
"05713012","5748001",14918.2686
"05713013","5716001",1481.1584
"05713013","5748001",14918.2686
"05713013","6011001",598.9703
"05713013","6019003",6266.3179
"05713014","5716001",1481.1584
"05713014","5748001",14918.2686
"05714001","5715001",317.7179
"05714001","5716001",1481.1584
"05714001","5748001",14918.2686
"05714002","5715001",317.7179
"05714002","5716001",1481.1584
"05714002","5748001",14918.2686
"05715002","5716001",1481.1584
"05715002","5748001",14918.2686
"05715003","5716001",1481.1584
"05715003","5748001",14918.2686
"05715004","5715001",317.7179
"05715004","5716001",1481.1584
"05715004","5748001",14918.2686
"05715005","5715001",317.7179
"05715005","5716001",1481.1584
"05715005","5748001",14918.2686
"05715010","5715001",317.7179
"05715010","5716001",1481.1584
"05715010","5748001",14918.2686
"05716006","5716001",1481.1584
"05716006","5748001",14918.2686
"05716007","5716001",1481.1584
"05716007","5748001",14918.2686
"05716014","5716001",1481.1584
"05716014","5748001",14918.2686
"05716024","5716001",1481.1584
"05716024","5748001",14918.2686
"05717009","5748001",14918.2686
"05717010","5748001",14918.2686
"05723002","5730005",405.523
"05723002","5737002",4015.5752
"05723002","5748001",14918.2686
"05730017","5730005",405.523
"05730017","5737002",4015.5752
"05730017","5748001",14918.2686
"05730018","5737002",4015.5752
"05730018","5748001",14918.2686
"05730019","5737002",4015.5752
"05730019","5748001",14918.2686
"05730020","5730005",405.523
"05730020","5737002",4015.5752
"05730020","5748001",14918.2686
"05730021","5737002",4015.5752
"05730021","5748001",14918.2686
"05730022","5730005",405.523
"05730022","5737002",4015.5752
"05730022","5748001",14918.2686
"05730023","5730005",405.523
"05730023","5737002",4015.5752
"05730023","5748001",14918.2686
"05730024","5737002",4015.5752
"05730024","5748001",14918.2686
"05730025","5737002",4015.5752
"05730025","5748001",14918.2686
"05730026","5737002",4015.5752
"05730026","5748001",14918.2686
"05730027","5737002",4015.5752
"05730027","5748001",14918.2686
"05730028","5737002",4015.5752
"05730028","5748001",14918.2686
"05730029","5730005",405.523
"05730029","5737002",4015.5752
"05730029","5748001",14918.2686
"05730030","5737002",4015.5752
"05730030","5748001",14918.2686
"05730031","5730005",405.523
"05730031","5737002",4015.5752
"05730031","5748001",14918.2686
"05730032","5730005",405.523
"05730032","5737002",4015.5752
"05730032","5748001",14918.2686
"05730033","5737002",4015.5752
"05730033","5748001",14918.2686
"05730034","5737002",4015.5752
"05730034","5748001",14918.2686
"05730035","5730005",405.523
"05730035","5737002",4015.5752
"05730035","5748001",14918.2686
"05730036","5737002",4015.5752
"05730036","5748001",14918.2686
"05730037","5730005",405.523
"05730037","5737002",4015.5752
"05730037","5748001",14918.2686
"05730038","5737002",4015.5752
"05730038","5748001",14918.2686
"05730040","5730005",405.523
"05730040","5737002",4015.5752
"05730040","5748001",14918.2686
"05730041","5737002",4015.5752
"05730041","5748001",14918.2686
"05730043","5730005",405.523
"05730043","5737002",4015.5752
"05730043","5748001",14918.2686
"05730044","5730005",405.523
"05730044","5737002",4015.5752
"05730044","5748001",14918.2686
"05730045","5730005",405.523
"05730045","5737002",4015.5752
"05730045","5748001",14918.2686
"05730047","5737002",4015.5752
"05730047","5748001",14918.2686
"05730048","5737002",4015.5752
"05730048","5748001",14918.2686
"05730049","5730005",405.523
"05730049","5737002",4015.5752
"05730049","5748001",14918.2686
"05730050","5737002",4015.5752
"05730050","5748001",14918.2686
"05730051","5737002",4015.5752
"05730051","5748001",14918.2686
"05730053","5737002",4015.5752
"05730053","5748001",14918.2686
"05730054","5730005",405.523
"05730054","5737002",4015.5752
"05730054","5748001",14918.2686
"05730055","5730005",405.523
"05730055","5737002",4015.5752
"05730055","5748001",14918.2686
"05730056","5737002",4015.5752
"05730056","5748001",14918.2686
"05731001","5734001",1075.9528
"05731001","5737002",4015.5752
"05731001","5748001",14918.2686
"05731002","5734001",1075.9528
"05731002","5737002",4015.5752
"05731002","5748001",14918.2686
"05731003","5734001",1075.9528
"05731003","5737002",4015.5752
"05731003","5748001",14918.2686
"05731004","5734001",1075.9528
"05731004","5737002",4015.5752
"05731004","5748001",14918.2686
"05731005","5734001",1075.9528
"05731005","5737002",4015.5752
"05731005","5748001",14918.2686
"05731006","5734001",1075.9528
"05731006","5737002",4015.5752
"05731006","5748001",14918.2686
"05732003","5734001",1075.9528
"05732003","5737002",4015.5752
"05732003","5748001",14918.2686
"05732004","5734001",1075.9528
"05732004","5737002",4015.5752
"05732004","5748001",14918.2686
"05732005","5734001",1075.9528
"05732005","5737002",4015.5752
"05732005","5748001",14918.2686
"05732006","5734001",1075.9528
"05732006","5737002",4015.5752
"05732006","5748001",14918.2686
"05732007","5734001",1075.9528
"05732007","5737002",4015.5752
"05732007","5748001",14918.2686
"05732008","5734001",1075.9528
"05732008","5737002",4015.5752
"05732008","5748001",14918.2686
"05732009","5734001",1075.9528
"05732009","5737002",4015.5752
"05732009","5748001",14918.2686
"05732010","5734001",1075.9528
"05732010","5737002",4015.5752
"05732010","5748001",14918.2686
"05732011","5734001",1075.9528
"05732011","5737002",4015.5752
"05732011","5748001",14918.2686
"05733011","5734001",1075.9528
"05733011","5737002",4015.5752
"05733011","5748001",14918.2686
"05733012","5734001",1075.9528
"05733012","5737002",4015.5752
"05733012","5748001",14918.2686
"05733013","5734001",1075.9528
"05733013","5737002",4015.5752
"05733013","5748001",14918.2686
"05734003","5737002",4015.5752
"05734003","5748001",14918.2686
"05734004","5737002",4015.5752
"05734004","5748001",14918.2686
"05734005","5737002",4015.5752
"05734005","5748001",14918.2686
"05734006","5737002",4015.5752
"05734006","5748001",14918.2686
"05734007","5737002",4015.5752
"05734007","5748001",14918.2686
"05734008","5737002",4015.5752
"05734008","5748001",14918.2686
"05734009","5737002",4015.5752
"05734009","5748001",14918.2686
"05734010","5737002",4015.5752
"05734010","5748001",14918.2686
"05734011","5737002",4015.5752
"05734011","5748001",14918.2686
"05734012","5737002",4015.5752
"05734012","5748001",14918.2686
"05735006","5737002",4015.5752
"05735006","5748001",14918.2686
"05735007","5737002",4015.5752
"05735007","5748001",14918.2686
"05735008","5737002",4015.5752
"05735008","5748001",14918.2686
"05735009","5737002",4015.5752
"05735009","5748001",14918.2686
"05735010","5737002",4015.5752
"05735010","5748001",14918.2686
"05735011","5737002",4015.5752
"05735011","5748001",14918.2686
"05735012","5737002",4015.5752
"05735012","5748001",14918.2686
"05735013","5737002",4015.5752
"05735013","5748001",14918.2686
"05735014","5737002",4015.5752
"05735014","5748001",14918.2686
"05735015","5737002",4015.5752
"05735015","5748001",14918.2686
"05735025","5737002",4015.5752
"05735025","5748001",14918.2686
"05736002","5737002",4015.5752
"05736002","5748001",14918.2686
"05736003","5737002",4015.5752
"05736003","5748001",14918.2686
"05736004","5737002",4015.5752
"05736004","5748001",14918.2686
"05736005","5737002",4015.5752
"05736005","5748001",14918.2686
"05736007","5737002",4015.5752
"05736007","5748001",14918.2686
"05737009","5748001",14918.2686
"05737010","5748001",14918.2686
"05737011","5748001",14918.2686
"05737012","5748001",14918.2686
"05737013","5748001",14918.2686
"05737014","5748001",14918.2686
"05737015","5748001",14918.2686
"05737016","5748001",14918.2686
"05737017","5748001",14918.2686
"05740006","5748001",14918.2686
"05740007","5748001",14918.2686
"05740008","5746001",1713.1271
"05740008","5748001",14918.2686
"05740009","5748001",14918.2686
"05744004","5746001",1713.1271
"05744004","5748001",14918.2686
"05744005","5746001",1713.1271
"05744005","5748001",14918.2686
"05744006","5746001",1713.1271
"05744006","5748001",14918.2686
"05744007","5746001",1713.1271
"05744007","5748001",14918.2686
"05744008","5746001",1713.1271
"05744008","5748001",14918.2686
"05745002","5746001",1713.1271
"05745002","5748001",14918.2686
"05745003","5746001",1713.1271
"05745003","5748001",14918.2686
"05746003","5746001",1713.1271
"05746003","5748001",14918.2686
"05747002","5748001",14918.2686
"05747003","5748001",14918.2686
"05747004","5748001",14918.2686
"05747005","5748001",14918.2686
"05747006","5748001",14918.2686
"06010017","6011001",598.9703
"06010017","6019003",6266.3179
"06010018","6019003",6266.3179
"06010019","6011001",598.9703
"06010019","6019003",6266.3179
"06010021","6019003",6266.3179
"06011004","6011001",598.9703
"06011004","6019003",6266.3179
"06011005","6011001",598.9703
"06011005","6019003",6266.3179
"06011006","6011001",598.9703
"06011006","6019003",6266.3179
"06011007","6011001",598.9703
"06011007","6019003",6266.3179
"06011008","6011001",598.9703
"06011008","6019003",6266.3179
"06011009","6011001",598.9703
"06011009","6019003",6266.3179
"06011010","6011001",598.9703
"06011010","6019003",6266.3179
"06011011","6011001",598.9703
"06011011","6019003",6266.3179
"06011012","6011001",598.9703
"06011012","6019003",6266.3179
"06011013","6011001",598.9703
"06011013","6019003",6266.3179
"06011014","6011001",598.9703
"06011014","6019003",6266.3179
"06011015","5716001",1481.1584
"06011015","5748001",14918.2686
"06011015","6011001",598.9703
"06011015","6019003",6266.3179
"06011016","6011001",598.9703
"06011016","6019003",6266.3179
"06011017","6011001",598.9703
"06011017","6019003",6266.3179
"06011018","6011001",598.9703
"06011018","6019003",6266.3179
"06011019","6011001",598.9703
"06011019","6019003",6266.3179
"06011020","6011001",598.9703
"06011020","6019003",6266.3179
"06011021","6011001",598.9703
"06011021","6019003",6266.3179
"06011022","6011001",598.9703
"06011022","6019003",6266.3179
"06011023","6011001",598.9703
"06011023","6019003",6266.3179
"06011024","6011001",598.9703
"06011024","6019003",6266.3179
"06012004","6019003",6266.3179
"06012005","6015001",943.9794
"06012005","6019003",6266.3179
"06012006","6019003",6266.3179
"06012007","6019003",6266.3179
"06012008","6019003",6266.3179
"06012009","6019003",6266.3179
"06012010","6019003",6266.3179
"06012011","6019003",6266.3179
"06012012","6019003",6266.3179
"06012013","6019003",6266.3179
"06012014","6019003",6266.3179
"06012015","6019003",6266.3179
"06012016","6019003",6266.3179
"06012017","6019003",6266.3179
"06012018","6019003",6266.3179
"06012019","6015001",943.9794
"06012019","6019003",6266.3179
"06012020","6019003",6266.3179
"06013007","6015001",943.9794
"06013007","6019003",6266.3179
"06014003","6015001",943.9794
"06014003","6019003",6266.3179
"06014004","6015001",943.9794
"06014004","6019003",6266.3179
"06014005","6015001",943.9794
"06014005","6019003",6266.3179
"06014006","6015001",943.9794
"06014006","6019003",6266.3179
"06014007","6015001",943.9794
"06014007","6019003",6266.3179
"06014008","6015001",943.9794
"06014008","6019003",6266.3179
"06015004","6018001",1022.6073
"06015004","6019003",6266.3179
"06015005","6018001",1022.6073
"06015005","6019003",6266.3179
"06015006","6015001",943.9794
"06015006","6019003",6266.3179
"06015007","6018001",1022.6073
"06015007","6019003",6266.3179
"06015008","6018001",1022.6073
"06015008","6019003",6266.3179
"06015009","6018001",1022.6073
"06015009","6019003",6266.3179
"06015010","6018001",1022.6073
"06015010","6019003",6266.3179
"06015011","6018001",1022.6073
"06015011","6019003",6266.3179
"06015012","6018001",1022.6073
"06015012","6019003",6266.3179
"06015013","6015001",943.9794
"06015013","6019003",6266.3179
"06015014","6015001",943.9794
"06015014","6019003",6266.3179
"06015015","6015001",943.9794
"06015015","6019003",6266.3179
"06015016","6015001",943.9794
"06015016","6019003",6266.3179
"06015017","6015001",943.9794
"06015017","6018001",1022.6073
"06015017","6019003",6266.3179
"06015018","6018001",1022.6073
"06015018","6019003",6266.3179
"06015019","6019003",6266.3179
"06015020","6018001",1022.6073
"06015020","6019003",6266.3179
"06016005","6018001",1022.6073
"06016005","6019003",6266.3179
"06016006","6018001",1022.6073
"06016006","6019003",6266.3179
"06016007","6018001",1022.6073
"06016007","6019003",6266.3179
"06016008","6018001",1022.6073
"06016008","6019003",6266.3179
"06016008","6034001",2922.9163
"06016008","6034023",2911.6882
"06016008","6035001",3534.8955
"06016009","6018001",1022.6073
"06016009","6019003",6266.3179
"06016009","6034001",2922.9163
"06016009","6034023",2911.6882
"06016009","6035001",3534.8955
"06016010","6018001",1022.6073
"06016010","6019003",6266.3179
"06016010","6034001",2922.9163
"06016010","6034023",2911.6882
"06016010","6035001",3534.8955
"06016011","6018001",1022.6073
"06016011","6019003",6266.3179
"06016012","6018001",1022.6073
"06016012","6019003",6266.3179
"06016012","6034001",2922.9163
"06016012","6034023",2911.6882
"06016012","6035001",3534.8955
"06016013","6018001",1022.6073
"06016013","6019003",6266.3179
"06016014","6033001",682.7198
"06016014","6034001",2922.9163
"06016014","6034022",683.813
"06016014","6034023",2911.6882
"06016014","6035001",3534.8955
"06016015","6034001",2922.9163
"06016015","6034023",2911.6882
"06016015","6035001",3534.8955
"06017002","6018001",1022.6073
"06017002","6019003",6266.3179
"06017003","6018001",1022.6073
"06017003","6019003",6266.3179
"06018011","6018001",1022.6073
"06018011","6019003",6266.3179
"06018012","6034001",2922.9163
"06018012","6034023",2911.6882
"06018012","6035001",3534.8955
"06018013","6018001",1022.6073
"06018013","6019003",6266.3179
"06018014","6018001",1022.6073
"06018014","6019003",6266.3179
"06018015","6018001",1022.6073
"06018015","6019003",6266.3179
"06018016","6018001",1022.6073
"06018016","6019003",6266.3179
"06018017","6018001",1022.6073
"06018017","6019003",6266.3179
"06018018","6018001",1022.6073
"06018018","6019003",6266.3179
"06018020","6018001",1022.6073
"06018020","6019003",6266.3179
"06018021","6018001",1022.6073
"06018021","6019003",6266.3179
"06018022","6018001",1022.6073
"06018022","6019003",6266.3179
"06018023","6018001",1022.6073
"06018023","6019003",6266.3179
"06018024","6018001",1022.6073
"06018024","6019003",6266.3179
"06019006","6019003",6266.3179
"06019007","6019003",6266.3179
"06019008","6019003",6266.3179
"06019009","6019003",6266.3179
"06019010","6019003",6266.3179
"06019012","6019003",6266.3179
"06019013","6019003",6266.3179
"06019015","6003001",965.1692
"06019015","6008005",2462.6992
"06019015","6019003",6266.3179
"06019016","6019003",6266.3179
"06030002","6033001",682.7198
"06030002","6034001",2922.9163
"06030002","6034022",683.813
"06030002","6034023",2911.6882
"06030002","6035001",3534.8955
"06030003","6033001",682.7198
"06030003","6034001",2922.9163
"06030003","6034022",683.813
"06030003","6034023",2911.6882
"06030003","6035001",3534.8955
"06030004","6033001",682.7198
"06030004","6034001",2922.9163
"06030004","6034022",683.813
"06030004","6034023",2911.6882
"06030004","6035001",3534.8955
"06030005","6033001",682.7198
"06030005","6034001",2922.9163
"06030005","6034022",683.813
"06030005","6034023",2911.6882
"06030005","6035001",3534.8955
"06030006","6033001",682.7198
"06030006","6034001",2922.9163
"06030006","6034022",683.813
"06030006","6034023",2911.6882
"06030006","6035001",3534.8955
"06030007","6034001",2922.9163
"06030007","6034023",2911.6882
"06030007","6035001",3534.8955
"06030008","6033001",682.7198
"06030008","6034001",2922.9163
"06030008","6034022",683.813
"06030008","6034023",2911.6882
"06030008","6035001",3534.8955
"06030009","6034001",2922.9163
"06030009","6034023",2911.6882
"06030009","6035001",3534.8955
"06030010","6034001",2922.9163
"06030010","6034023",2911.6882
"06030010","6035001",3534.8955
"06031001","6034001",2922.9163
"06031001","6034023",2911.6882
"06031001","6035001",3534.8955
"06031002","6034001",2922.9163
"06031002","6034023",2911.6882
"06031002","6035001",3534.8955
"06031003","6034001",2922.9163
"06031003","6034023",2911.6882
"06031003","6035001",3534.8955
"06032002","6033001",682.7198
"06032002","6034001",2922.9163
"06032002","6034022",683.813
"06032002","6034023",2911.6882
"06032002","6035001",3534.8955
"06033004","6033001",682.7198
"06033004","6034001",2922.9163
"06033004","6034022",683.813
"06033004","6034023",2911.6882
"06033004","6035001",3534.8955
"06033005","6033001",682.7198
"06033005","6034001",2922.9163
"06033005","6034022",683.813
"06033005","6034023",2911.6882
"06033005","6035001",3534.8955
"06033006","6033001",682.7198
"06033006","6034001",2922.9163
"06033006","6034022",683.813
"06033006","6034023",2911.6882
"06033006","6035001",3534.8955
"06033007","6033001",682.7198
"06033007","6034001",2922.9163
"06033007","6034022",683.813
"06033007","6034023",2911.6882
"06033007","6035001",3534.8955
"06033008","6033001",682.7198
"06033008","6034001",2922.9163
"06033008","6034022",683.813
"06033008","6034023",2911.6882
"06033008","6035001",3534.8955
"06034005","6034001",2922.9163
"06034005","6034022",683.813
"06034005","6034023",2911.6882
"06034005","6035001",3534.8955
"06034006","6034001",2922.9163
"06034006","6034023",2911.6882
"06034006","6035001",3534.8955
"06034007","6034001",2922.9163
"06034007","6034023",2911.6882
"06034007","6035001",3534.8955
"06034008","6034001",2922.9163
"06034008","6034023",2911.6882
"06034008","6035001",3534.8955
"06034009","6034001",2922.9163
"06034009","6034023",2911.6882
"06034009","6035001",3534.8955
"06034010","6034001",2922.9163
"06034010","6034023",2911.6882
"06034010","6035001",3534.8955
"06034012","6035001",3534.8955
"06034013","6035001",3534.8955
"06034014","6035001",3534.8955
"06034015","6035001",3534.8955
"06034016","6035001",3534.8955
"06034017","6035001",3534.8955
"06034018","6034001",2922.9163
"06034018","6034023",2911.6882
"06034018","6035001",3534.8955
"06034019","6034001",2922.9163
"06034019","6034023",2911.6882
"06034019","6035001",3534.8955
"06034020","6034001",2922.9163
"06034020","6034023",2911.6882
"06034020","6035001",3534.8955
"06034021","6034001",2922.9163
"06034021","6034023",2911.6882
"06034021","6035001",3534.8955
"06035005","6035001",3534.8955
"06035006","6035001",3534.8955
"06036002","6035001",3534.8955
"06037001","6035001",3534.8955
"06037002","6035001",3534.8955
"06037003","6035001",3534.8955
"06037004","6035001",3534.8955
"06037005","6035001",3534.8955
"06037011","6035001",3534.8955
"06041002","6043001",801.724
"06041003","6043001",801.724
"06041004","6043001",801.724
"06041005","6043001",801.724
"06115001","6015001",943.9794
"06115001","6019003",6266.3179
"06130004","6132001",1453.0887
"06130005","6132001",1453.0887
"06130006","6132001",1453.0887
"06130010","6132001",1453.0887
"06131001","6132001",1453.0887
"06132003","6132001",1453.0887
"06132004","6132001",1453.0887
"07106008","7123001",5685.6221
"07106009","7123001",5685.6221
"07106010","7123001",5685.6221
"07106011","7123001",5685.6221
"07106012","7123001",5685.6221
"07106013","7123001",5685.6221
"07106014","7123001",5685.6221
"07106015","7123001",5685.6221
"07117003","7123001",5685.6221
"07117004","7123001",5685.6221
"07117005","7123001",5685.6221
"07117006","7123001",5685.6221
"07117007","7123001",5685.6221
"07119008","7123001",5685.6221
"07119009","7123001",5685.6221
"07121004","7123001",5685.6221
"07121005","7123001",5685.6221
"07122001","7123001",5685.6221
"07123004","7123001",5685.6221
"07123005","7123001",5685.6221
"07123006","7123001",5685.6221
"07200004","7200002",555.3828
"07308004","7321002",5469.8633
"07308004","7322001",6072.8423
"07308004","7383001",20477.1738
"07333000","8118001",1130.8048
"07333000","8140002",9847.8174
"07333000","8141001",10393.2803
"07335005","7335002",216.7503
"07335005","7357002",7072.4058
"07335005","7359001",9916.165
"07335005","7383001",20477.1738
"07336008","7339001",1636.4915
"07336008","7357002",7072.4058
"07336008","7359001",9916.165
"07336008","7383001",20477.1738
"07340005","7357002",7072.4058
"07340005","7359001",9916.165
"07340005","7383001",20477.1738
"07342003","7343001",403.9035
"07342003","7357002",7072.4058
"07342003","7359001",9916.165
"07342003","7383001",20477.1738
"07358011","7359001",9916.165
"07358011","7383001",20477.1738
"07360001","7383001",20477.1738
"07372004","7379001",2695.1709
"07372004","7379002",2807.0281
"07372004","7383001",20477.1738
"07373005","7379001",2695.1709
"07373005","7379002",2807.0281
"07373005","7383001",20477.1738
"07377001","7379001",2695.1709
"07377001","7379002",2807.0281
"07377001","7383001",20477.1738
"07378005","7379001",2695.1709
"07378005","7379002",2807.0281
"07378005","7383001",20477.1738
"07378006","7379001",2695.1709
"07378006","7379002",2807.0281
"07378006","7383001",20477.1738
"07378007","7379001",2695.1709
"07378007","7379002",2807.0281
"07378007","7383001",20477.1738
"07378008","7379001",2695.1709
"07378008","7379002",2807.0281
"07378008","7383001",20477.1738
"07378009","7379001",2695.1709
"07378009","7379002",2807.0281
"07378009","7383001",20477.1738
"07378010","7379001",2695.1709
"07378010","7379002",2807.0281
"07378010","7383001",20477.1738
"07379003","7383001",20477.1738
"07381004","7381001",558.4178
"07381004","7383001",20477.1738
"07430001","7339001",1636.4915
"07430001","7357002",7072.4058
"07430001","7359001",9916.165
"07430001","7383001",20477.1738
"08106004","8115001",3052.655
"08106004","8140002",9847.8174
"08106004","8141001",10393.2803
"08110002","8118001",1130.8048
"08110002","8140002",9847.8174
"08110002","8141001",10393.2803
"08114002","8114001",968.8181
"08114002","8115001",3052.655
"08114002","8140002",9847.8174
"08114002","8141001",10393.2803
"08115003","8118001",1130.8048
"08115003","8140002",9847.8174
"08115003","8141001",10393.2803
"08117011","8117001",730.1815
"08117011","8117005",797.6502
"08117011","8140002",9847.8174
"08117011","8141001",10393.2803
"08117021","8117001",730.1815
"08117021","8117005",797.6502
"08117021","8140002",9847.8174
"08117021","8141001",10393.2803
"08118015","8118001",1130.8048
"08118015","8140002",9847.8174
"08118015","8141001",10393.2803
"08131003","8132001",1298.8444
"08131003","8133001",3184.8005
"08131003","8135002",4505.6431
"08131003","8140002",9847.8174
"08131003","8141001",10393.2803
"08134005","8134003",635.5683
"08134005","8135002",4505.6431
"08134005","8140002",9847.8174
"08134005","8141001",10393.2803
"08140006","8141001",10393.2803
"08140007","8141001",10393.2803
"08143000","8144001",1159.3604
"08144003","8144001",1159.3604
"08318003","8319001",7857.6948
"08318003","8334001",11131.5254
"08318003","8394001",24244.752
"08322000","8323001",1337.9423
"08322000","8334001",11131.5254
"08322000","8394001",24244.752
"08330004","8330001",427.762
"08330004","8332001",540.3078
"08330004","8334001",11131.5254
"08330004","8394001",24244.752
"08358006","8358001",2536.0596
"08358006","8394001",24244.752
"08362002","8394001",24244.752
"08366003","8366002",17.8805
"08366003","8394001",24244.752
"08381012","8386001",4608.1768
"08381012","8394001",24244.752
"08384000","8385001",530.2066
"08384000","8386001",4608.1768
"08384000","8394001",24244.752
"08385005","8386001",4608.1768
"08385005","8394001",24244.752
"09104004","9104002",392.8286
"09104004","9116001",5046.5869
"09105003","9116001",5046.5869
"09118002","9140001",5543.3257
"09129007","9140001",5543.3257
"09403002","9404001",1673.1062
"09403002","9437002",7919.9443
"09421003","9420001",2930.1746
"09421003","9423001",3485.7573
"09421003","9437002",7919.9443
"10120000","10121001",626.251
"10120000","10122001",6614.3589
"10120000","10122002",6602.6099
"10120000","10122003",6490.5776
"10130003","10134001",1802.0634
"10137003","10137001",538.8884
"10355002","10356001",2280.3401
"10355002","10364001",5603.2153
"10363005","10364001",5603.2153
"10411007","10411002",253.2613
"10411007","10414001",2278.1438
