"cr2sub_id","bna_id","area"
"10120000","101",10228.752
"10120000","101",10228.752
"10130003","101",10228.752
"10130003","101",10228.752
"10134005","101",10228.752
"10134005","101",10228.752
"10137003","101",10228.752
"10137003","101",10228.752
"10140002","101",10228.752
"10140002","101",10228.752
"10311005","103",15340.0449
"10311005","103",15340.0449
"10355002","103",15340.0449
"10355002","103",15340.0449
"10363005","103",15340.0449
"10363005","103",15340.0449
"10411007","104",13479.5537
"10411007","104",13479.5537
"1050008","010",11377.499
"1050008","010",11377.499
"1110002","011",785.2041
"1110002","011",785.2041
"1110003","011",785.2041
"1110003","011",785.2041
"1110004","011",785.2041
"1110004","011",785.2041
"1110005","011",785.2041
"1110006","011",785.2041
"1110007","011",785.2041
"1110008","011",785.2041
"1110008","011",785.2041
"1110009","011",785.2041
"1110009","011",785.2041
"1110010","011",785.2041
"1110010","011",785.2041
"1110011","012",3439.2871
"1110011","012",3439.2871
"1211007","012",3439.2871
"1211007","012",3439.2871
"1211008","012",3439.2871
"1211008","012",3439.2871
"1211009","012",3439.2871
"1211009","012",3439.2871
"1211010","012",3439.2871
"1211010","012",3439.2871
"1310023","013",3195.7561
"1310023","013",3195.7561
"1310024","013",3195.7561
"1310024","013",3195.7561
"1310025","013",3195.7561
"1310025","013",3195.7561
"1310026","013",3195.7561
"1310026","013",3195.7561
"1310027","013",3195.7561
"1310027","013",3195.7561
"1310028","013",3195.7561
"1310028","013",3195.7561
"1310029","013",3195.7561
"1310029","013",3195.7561
"1310030","013",3195.7561
"1310030","013",3195.7561
"1310031","013",3195.7561
"1310031","012",3439.2871
"1310031","013",3195.7561
"1310032","013",3195.7561
"1310032","013",3195.7561
"1310033","013",3195.7561
"1310035","013",3195.7561
"1310035","013",3195.7561
"1310036","013",3195.7561
"1310036","013",3195.7561
"1310037","013",3195.7561
"1310037","013",3195.7561
"1310038","013",3195.7561
"1310038","013",3195.7561
"1310039","013",3195.7561
"1310039","013",3195.7561
"1310040","012",3439.2871
"1310040","012",3439.2871
"1310040","013",3195.7561
"1310041","013",3195.7561
"1310041","013",3195.7561
"1310042","013",3195.7561
"1310042","013",3195.7561
"1310043","013",3195.7561
"1310043","013",3195.7561
"1310044","013",3195.7561
"1310044","013",3195.7561
"1310045","013",3195.7561
"1310045","013",3195.7561
"1310046","013",3195.7561
"1310046","013",3195.7561
"1310047","013",3195.7561
"1310047","013",3195.7561
"1310048","012",3439.2871
"1310048","012",3439.2871
"1310049","012",3439.2871
"1310049","012",3439.2871
"1310049","013",3195.7561
"1310050","013",3195.7561
"1310050","012",3439.2871
"1310050","013",3195.7561
"1310051","012",3439.2871
"1310051","012",3439.2871
"1310051","013",3195.7561
"1310052","013",3195.7561
"1310052","013",3195.7561
"1310053","013",3195.7561
"1310054","013",3195.7561
"1310054","013",3195.7561
"1310055","013",3195.7561
"1310055","013",3195.7561
"1310056","013",3195.7561
"1310056","013",3195.7561
"1310057","013",3195.7561
"1310057","013",3195.7561
"1310058","013",3195.7561
"1310058","013",3195.7561
"1310059","013",3195.7561
"1310059","013",3195.7561
"1310060","013",3195.7561
"1310060","013",3195.7561
"1310061","013",3195.7561
"1310061","013",3195.7561
"1310062","011",785.2041
"1310062","011",785.2041
"1310063","013",3195.7561
"1310063","013",3195.7561
"1310064","013",3195.7561
"1310064","013",3195.7561
"1310065","013",3195.7561
"1310065","013",3195.7561
"1310066","013",3195.7561
"1310066","013",3195.7561
"1310067","013",3195.7561
"1310067","013",3195.7561
"1310068","013",3195.7561
"1310068","013",3195.7561
"1310069","013",3195.7561
"1310069","013",3195.7561
"1310070","013",3195.7561
"1310070","013",3195.7561
"1310071","013",3195.7561
"1310071","013",3195.7561
"1310072","013",3195.7561
"1310072","013",3195.7561
"1310074","013",3195.7561
"1310074","013",3195.7561
"1310083","013",3195.7561
"1310083","013",3195.7561
"1310084","013",3195.7561
"1310084","013",3195.7561
"1700011","017",17365.9766
"1700011","017",17365.9766
"1700012","017",17365.9766
"1700012","017",17365.9766
"1700013","017",17365.9766
"1700013","017",17365.9766
"1700014","017",17365.9766
"1700014","017",17365.9766
"1700016","017",17365.9766
"1700016","017",17365.9766
"1700017","017",17365.9766
"1700017","017",17365.9766
"1700018","017",17365.9766
"1700018","017",17365.9766
"1700019","017",17365.9766
"1700019","017",17365.9766
"1700020","017",17365.9766
"1700020","017",17365.9766
"1700021","017",17365.9766
"1700021","017",17365.9766
"1700023","017",17365.9766
"1700023","017",17365.9766
"1700024","017",17365.9766
"1700024","017",17365.9766
"1700025","017",17365.9766
"1700025","017",17365.9766
"1700026","017",17365.9766
"1700026","017",17365.9766
"1700027","017",17365.9766
"1700027","017",17365.9766
"1700028","017",17365.9766
"1700028","017",17365.9766
"1700029","017",17365.9766
"1700029","017",17365.9766
"1700030","017",17365.9766
"1700030","017",17365.9766
"1700031","017",17365.9766
"1700031","017",17365.9766
"1700032","017",17365.9766
"1700032","017",17365.9766
"1700033","017",17365.9766
"1700033","017",17365.9766
"1700034","017",17365.9766
"1700034","017",17365.9766
"1700037","017",17365.9766
"1700037","017",17365.9766
"1700038","017",17365.9766
"1700038","017",17365.9766
"1700039","017",17365.9766
"1700039","017",17365.9766
"1700040","017",17365.9766
"1700040","017",17365.9766
"1700041","017",17365.9766
"1700041","017",17365.9766
"1700042","021",33105.793
"1700042","021",33105.793
"1700043","017",17365.9766
"1700043","017",17365.9766
"1700044","017",17365.9766
"1700044","017",17365.9766
"1700045","017",17365.9766
"1700045","017",17365.9766
"1700046","017",17365.9766
"1700046","017",17365.9766
"1700047","017",17365.9766
"1700047","017",17365.9766
"1700049","017",17365.9766
"1700049","017",17365.9766
"1700050","017",17365.9766
"1700050","017",17365.9766
"1700051","017",17365.9766
"1700051","017",17365.9766
"1700052","017",17365.9766
"1700052","017",17365.9766
"1700053","017",17365.9766
"1700053","017",17365.9766
"1700054","017",17365.9766
"1700054","017",17365.9766
"1700055","017",17365.9766
"1700055","017",17365.9766
"1700056","017",17365.9766
"1700056","017",17365.9766
"1700057","017",17365.9766
"1700057","017",17365.9766
"1700058","017",17365.9766
"1700058","017",17365.9766
"1700059","017",17365.9766
"1700059","017",17365.9766
"1700060","017",17365.9766
"1700060","017",17365.9766
"1700061","017",17365.9766
"1700061","017",17365.9766
"1700062","017",17365.9766
"1700062","017",17365.9766
"1700063","017",17365.9766
"1700063","017",17365.9766
"1700064","017",17365.9766
"1700064","017",17365.9766
"1700065","017",17365.9766
"1700065","017",17365.9766
"1700068","017",17365.9766
"1700068","017",17365.9766
"1700069","017",17365.9766
"1700069","017",17365.9766
"1700070","017",17365.9766
"1700070","017",17365.9766
"1700071","017",17365.9766
"1700071","017",17365.9766
"1700073","017",17365.9766
"1700073","017",17365.9766
"1700074","017",17365.9766
"1700074","017",17365.9766
"1700076","017",17365.9766
"1700076","017",17365.9766
"1700077","017",17365.9766
"1700077","017",17365.9766
"1700078","017",17365.9766
"1700078","017",17365.9766
"1700080","017",17365.9766
"1700080","017",17365.9766
"1700082","017",17365.9766
"1700082","017",17365.9766
"1700083","017",17365.9766
"1700083","017",17365.9766
"1700084","017",17365.9766
"1700084","017",17365.9766
"1700085","017",17365.9766
"1700085","017",17365.9766
"1700086","017",17365.9766
"1700086","017",17365.9766
"1700087","017",17365.9766
"1700087","017",17365.9766
"1700089","017",17365.9766
"1700089","017",17365.9766
"1700091","017",17365.9766
"1700091","017",17365.9766
"1700092","017",17365.9766
"1700092","017",17365.9766
"1700093","017",17365.9766
"1700093","017",17365.9766
"1700094","017",17365.9766
"1700094","017",17365.9766
"1700095","010",11377.499
"1700095","010",11377.499
"1700097","017",17365.9766
"1700097","017",17365.9766
"1700098","017",17365.9766
"1700098","017",17365.9766
"1700099","017",17365.9766
"1700099","017",17365.9766
"1700100","017",17365.9766
"1700100","017",17365.9766
"1700101","017",17365.9766
"1700101","017",17365.9766
"1700102","017",17365.9766
"1700102","017",17365.9766
"1700103","017",17365.9766
"1700103","017",17365.9766
"1700104","017",17365.9766
"1700104","017",17365.9766
"1700105","017",17365.9766
"1700105","017",17365.9766
"1700106","017",17365.9766
"1700106","017",17365.9766
"1700108","017",17365.9766
"1700108","017",17365.9766
"1700109","017",17365.9766
"1700109","017",17365.9766
"1720005","017",17365.9766
"1720005","017",17365.9766
"2010001","020",2676.7334
"2010001","020",2676.7334
"2010002","020",2676.7334
"2010002","020",2676.7334
"2020003","020",2676.7334
"2020003","020",2676.7334
"2020004","020",2676.7334
"2020004","020",2676.7334
"2020005","020",2676.7334
"2020005","020",2676.7334
"2020006","020",2676.7334
"2020006","020",2676.7334
"2020007","020",2676.7334
"2020007","020",2676.7334
"2020008","020",2676.7334
"2020008","020",2676.7334
"2020009","020",2676.7334
"2020009","020",2676.7334
"2020010","020",2676.7334
"2020010","020",2676.7334
"2020011","020",2676.7334
"2020011","020",2676.7334
"2020012","020",2676.7334
"2020012","020",2676.7334
"2020013","020",2676.7334
"2020013","020",2676.7334
"2020014","020",2676.7334
"2020014","020",2676.7334
"2020015","020",2676.7334
"2020015","020",2676.7334
"2020016","020",2676.7334
"2020016","020",2676.7334
"2020017","020",2676.7334
"2020017","020",2676.7334
"2105023","021",33105.793
"2105023","021",33105.793
"2105024","021",33105.793
"2105024","021",33105.793
"2105025","021",33105.793
"2105025","021",33105.793
"2105026","021",33105.793
"2105026","021",33105.793
"2105027","021",33105.793
"2105027","021",33105.793
"2105028","021",33105.793
"2105028","021",33105.793
"2105029","021",33105.793
"2105029","021",33105.793
"2105030","021",33105.793
"2105030","021",33105.793
"2105032","021",33105.793
"2105032","021",33105.793
"2110015","021",33105.793
"2110015","021",33105.793
"2110016","021",33105.793
"2110016","021",33105.793
"2110017","021",33105.793
"2110017","021",33105.793
"2110018","021",33105.793
"2110018","021",33105.793
"2110019","021",33105.793
"2110019","021",33105.793
"2500022","025",15585.4775
"2500022","025",15585.4775
"2500023","025",15585.4775
"2500023","025",15585.4775
"2500024","025",15585.4775
"2500024","025",15585.4775
"2942002","029",16904.9941
"2942002","029",16904.9941
"2942003","029",16904.9941
"2942003","029",16904.9941
"2942004","029",16904.9941
"2942004","029",16904.9941
"2942005","029",16904.9941
"2942005","029",16904.9941
"2942006","029",16904.9941
"2942006","029",16904.9941
"2942007","029",16904.9941
"2942007","029",16904.9941
"2942008","029",16904.9941
"2942008","029",16904.9941
"2942009","029",16904.9941
"2942009","029",16904.9941
"2942010","029",16904.9941
"2942010","029",16904.9941
"2942011","029",16904.9941
"2942011","029",16904.9941
"2942012","029",16904.9941
"2942012","029",16904.9941
"2942013","029",16904.9941
"2942013","029",16904.9941
"2942014","029",16904.9941
"2942014","029",16904.9941
"2942015","029",16904.9941
"2942015","029",16904.9941
"2942016","029",16904.9941
"2942016","029",16904.9941
"2942017","029",16904.9941
"2942017","029",16904.9941
"2942018","029",16904.9941
"2942018","029",16904.9941
"2942019","029",16904.9941
"2942019","029",16904.9941
"2942020","029",16904.9941
"2942020","029",16904.9941
"2942021","029",16904.9941
"2942021","029",16904.9941
"2942022","029",16904.9941
"2942022","029",16904.9941
"2942023","029",16904.9941
"2942023","029",16904.9941
"3041011","030",15630.4326
"3041011","030",15630.4326
"3404003","034",18714.623
"3404003","034",18714.623
"3414003","034",18714.623
"3414003","034",18714.623
"3414004","034",18714.623
"3414004","034",18714.623
"3414005","034",18714.623
"3414005","034",18714.623
"3421005","034",18714.623
"3421005","034",18714.623
"3421006","034",18714.623
"3421006","034",18714.623
"3430008","034",18714.623
"3430008","034",18714.623
"3430009","034",18714.623
"3430009","034",18714.623
"3430010","034",18714.623
"3430010","034",18714.623
"3430011","034",18714.623
"3430011","034",18714.623
"3430012","034",18714.623
"3430012","034",18714.623
"3430013","034",18714.623
"3430013","034",18714.623
"3430014","034",18714.623
"3430014","034",18714.623
"3430015","034",18714.623
"3430015","034",18714.623
"3430018","034",18714.623
"3430018","034",18714.623
"3430019","034",18714.623
"3430019","034",18714.623
"3430020","034",18714.623
"3430020","034",18714.623
"3430021","034",18714.623
"3430021","034",18714.623
"3430022","034",18714.623
"3430022","034",18714.623
"3430023","034",18714.623
"3430023","034",18714.623
"3430024","034",18714.623
"3430024","034",18714.623
"3430025","034",18714.623
"3430025","034",18714.623
"3431005","034",18714.623
"3431005","034",18714.623
"3431006","034",18714.623
"3431006","034",18714.623
"3431007","034",18714.623
"3431007","034",18714.623
"3431008","034",18714.623
"3431008","034",18714.623
"3431009","034",18714.623
"3431009","034",18714.623
"3431010","034",18714.623
"3431010","034",18714.623
"3431011","034",18714.623
"3431011","034",18714.623
"3431012","034",18714.623
"3431012","034",18714.623
"3431013","034",18714.623
"3431013","034",18714.623
"3431014","034",18714.623
"3431014","034",18714.623
"3431015","034",18714.623
"3431015","034",18714.623
"3431016","034",18714.623
"3431016","034",18714.623
"3434005","034",18714.623
"3434005","034",18714.623
"3434006","034",18714.623
"3434006","034",18714.623
"3434007","034",18714.623
"3434007","034",18714.623
"3434008","034",18714.623
"3434008","034",18714.623
"3434009","034",18714.623
"3434009","034",18714.623
"3434011","034",18714.623
"3434011","034",18714.623
"3434012","034",18714.623
"3434012","034",18714.623
"3434013","034",18714.623
"3434013","034",18714.623
"3434014","034",18714.623
"3434014","034",18714.623
"3434015","034",18714.623
"3434015","034",18714.623
"3434016","034",18714.623
"3434016","034",18714.623
"3434017","034",18714.623
"3434017","034",18714.623
"3434018","034",18714.623
"3434018","034",18714.623
"3434019","034",18714.623
"3434019","034",18714.623
"3445001","034",18714.623
"3445001","034",18714.623
"3450005","034",18714.623
"3450005","034",18714.623
"3450006","034",18714.623
"3450006","034",18714.623
"3450007","034",18714.623
"3450007","034",18714.623
"3450008","034",18714.623
"3450008","034",18714.623
"3450009","034",18714.623
"3450009","034",18714.623
"3450010","034",18714.623
"3450010","034",18714.623
"3450011","034",18714.623
"3450011","034",18714.623
"3450012","034",18714.623
"3450012","034",18714.623
"3450013","034",18714.623
"3450013","034",18714.623
"3450014","034",18714.623
"3450014","034",18714.623
"3450015","034",18714.623
"3450015","034",18714.623
"3450016","034",18714.623
"3450016","034",18714.623
"3450017","034",18714.623
"3450017","034",18714.623
"3450019","034",18714.623
"3450019","034",18714.623
"3450020","034",18714.623
"3450020","034",18714.623
"3450021","034",18714.623
"3450021","034",18714.623
"3450022","034",18714.623
"3450022","034",18714.623
"3450023","034",18714.623
"3450023","034",18714.623
"3451003","034",18714.623
"3451003","034",18714.623
"3451004","034",18714.623
"3451004","034",18714.623
"3451005","034",18714.623
"3451005","034",18714.623
"3451006","034",18714.623
"3451006","034",18714.623
"3451007","034",18714.623
"3451007","034",18714.623
"3451008","034",18714.623
"3451008","034",18714.623
"3451009","034",18714.623
"3451009","034",18714.623
"3451010","034",18714.623
"3451010","034",18714.623
"3451011","034",18714.623
"3451011","034",18714.623
"3451012","034",18714.623
"3451012","034",18714.623
"3451013","034",18714.623
"3451013","034",18714.623
"3451014","034",18714.623
"3451014","034",18714.623
"3451015","034",18714.623
"3451015","034",18714.623
"3451016","034",18714.623
"3451016","034",18714.623
"3451017","034",18714.623
"3451017","034",18714.623
"3451018","034",18714.623
"3451018","034",18714.623
"3451019","034",18714.623
"3451019","034",18714.623
"3451020","034",18714.623
"3451020","034",18714.623
"3451021","034",18714.623
"3451021","034",18714.623
"3451023","034",18714.623
"3451023","034",18714.623
"3451024","034",18714.623
"3451024","034",18714.623
"3451025","034",18714.623
"3451025","034",18714.623
"3451026","034",18714.623
"3451026","034",18714.623
"3451027","034",18714.623
"3451027","034",18714.623
"3451028","034",18714.623
"3451028","034",18714.623
"3451029","034",18714.623
"3451029","034",18714.623
"3451030","034",18714.623
"3451030","034",18714.623
"3451031","034",18714.623
"3451031","034",18714.623
"3453005","034",18714.623
"3453005","034",18714.623
"3453006","034",18714.623
"3453006","034",18714.623
"3453007","034",18714.623
"3453007","034",18714.623
"3600001","036",5945.604
"3600001","036",5945.604
"3603001","036",5945.604
"3603001","036",5945.604
"3603002","036",5945.604
"3603002","036",5945.604
"3603002","037",2414.4927
"3700001","037",2414.4927
"3700001","037",2414.4927
"3701002","037",2414.4927
"3701002","037",2414.4927
"3701003","037",2414.4927
"3701003","037",2414.4927
"3701004","037",2414.4927
"3701004","037",2414.4927
"3701005","037",2414.4927
"3701005","037",2414.4927
"3701006","037",2414.4927
"3701006","037",2414.4927
"3701007","036",5945.604
"3701007","036",5945.604
"3804008","038",9816.7012
"3804008","038",9816.7012
"3805002","038",9816.7012
"3805002","038",9816.7012
"3806003","038",9816.7012
"3806003","038",9816.7012
"3806004","038",9816.7012
"3806004","038",9816.7012
"3806005","038",9816.7012
"3806005","038",9816.7012
"3814004","038",9816.7012
"3814004","038",9816.7012
"3815005","038",9816.7012
"3815005","038",9816.7012
"3815006","038",9816.7012
"3815006","038",9816.7012
"3820006","038",9816.7012
"3820006","038",9816.7012
"3820007","038",9816.7012
"3820007","038",9816.7012
"3820008","038",9816.7012
"3820008","038",9816.7012
"3823005","038",9816.7012
"3823005","038",9816.7012
"3823006","038",9816.7012
"3823006","038",9816.7012
"3823008","038",9816.7012
"3823008","038",9816.7012
"3823010","038",9816.7012
"3823010","038",9816.7012
"3823011","038",9816.7012
"3823011","038",9816.7012
"3825005","038",9816.7012
"3825005","038",9816.7012
"3825006","038",9816.7012
"3825006","038",9816.7012
"3826004","038",9816.7012
"3826004","038",9816.7012
"3826005","038",9816.7012
"3826005","038",9816.7012
"3826006","038",9816.7012
"3826006","038",9816.7012
"3826007","038",9816.7012
"3826007","038",9816.7012
"3826008","038",9816.7012
"3826008","038",9816.7012
"3826009","038",9816.7012
"3826009","038",9816.7012
"3826010","038",9816.7012
"3826010","038",9816.7012
"3940002","039",3957.9932
"3940002","039",3957.9932
"3940003","039",3957.9932
"3940003","039",3957.9932
"3940004","039",3957.9932
"3940004","039",3957.9932
"3940005","039",3957.9932
"3940005","039",3957.9932
"3940006","039",3957.9932
"3940006","039",3957.9932
"3940007","039",3957.9932
"3940007","039",3957.9932
"4100001","041",3837.6812
"4100001","041",3837.6812
"4100002","041",3837.6812
"4100002","041",3837.6812
"4120002","041",3837.6812
"4120002","041",3837.6812
"4120003","041",3837.6812
"4120003","041",3837.6812
"4120004","041",3837.6812
"4120004","041",3837.6812
"4120005","041",3837.6812
"4120005","041",3837.6812
"4120006","041",3837.6812
"4120006","041",3837.6812
"4120007","041",3837.6812
"4120007","041",3837.6812
"4120008","041",3837.6812
"4120008","041",3837.6812
"4120009","041",3837.6812
"4120009","041",3837.6812
"4120010","041",3837.6812
"4120010","041",3837.6812
"4120011","041",3837.6812
"4120011","041",3837.6812
"4120012","041",3837.6812
"4120012","041",3837.6812
"4120013","041",3837.6812
"4120013","041",3837.6812
"4120014","041",3837.6812
"4120014","041",3837.6812
"4120015","041",3837.6812
"4120015","041",3837.6812
"4120016","041",3837.6812
"4120016","041",3837.6812
"4120017","041",3837.6812
"4120017","041",3837.6812
"4120023","041",3837.6812
"4120023","041",3837.6812
"4200001","043",9827.6318
"4200001","043",9827.6318
"4200002","043",9827.6318
"4200002","043",9827.6318
"4200003","043",9827.6318
"4200003","043",9827.6318
"4200004","043",9827.6318
"4200004","043",9827.6318
"4200005","043",9827.6318
"4200005","043",9827.6318
"4200006","043",9827.6318
"4200006","043",9827.6318
"4200007","043",9827.6318
"4200007","043",9827.6318
"4200008","043",9827.6318
"4200008","043",9827.6318
"4200009","043",9827.6318
"4200009","043",9827.6318
"4200010","043",9827.6318
"4200010","043",9827.6318
"4304003","043",9827.6318
"4304003","043",9827.6318
"4306003","043",9827.6318
"4306003","043",9827.6318
"4307001","043",9827.6318
"4307001","043",9827.6318
"4308004","043",9827.6318
"4308004","043",9827.6318
"4308005","043",9827.6318
"4308005","043",9827.6318
"4308006","043",9827.6318
"4308006","043",9827.6318
"4308010","043",9827.6318
"4308010","043",9827.6318
"4311006","043",9827.6318
"4311006","043",9827.6318
"4314004","043",9827.6318
"4314004","043",9827.6318
"4314005","043",9827.6318
"4314005","043",9827.6318
"4314006","043",9827.6318
"4314006","043",9827.6318
"4314007","043",9827.6318
"4314007","043",9827.6318
"4320004","043",9827.6318
"4320004","043",9827.6318
"4320005","043",9827.6318
"4320005","043",9827.6318
"4320006","043",9827.6318
"4320006","043",9827.6318
"4320007","043",9827.6318
"4320007","043",9827.6318
"4320008","043",9827.6318
"4320008","043",9827.6318
"4320009","043",9827.6318
"4320009","043",9827.6318
"4320010","043",9827.6318
"4320010","043",9827.6318
"4320011","043",9827.6318
"4320011","043",9827.6318
"4320012","043",9827.6318
"4320012","043",9827.6318
"4320013","043",9827.6318
"4320013","043",9827.6318
"4320014","043",9827.6318
"4320014","043",9827.6318
"4320015","043",9827.6318
"4320015","043",9827.6318
"4320016","043",9827.6318
"4320016","043",9827.6318
"4321002","043",9827.6318
"4321002","043",9827.6318
"4321003","043",9827.6318
"4321003","043",9827.6318
"4321004","043",9827.6318
"4321004","043",9827.6318
"4321005","043",9827.6318
"4321005","043",9827.6318
"4321006","043",9827.6318
"4321006","043",9827.6318
"4323008","043",9827.6318
"4323008","043",9827.6318
"4323009","043",9827.6318
"4323009","043",9827.6318
"4323010","043",9827.6318
"4323010","043",9827.6318
"4323011","043",9827.6318
"4323011","043",9827.6318
"4323012","043",9827.6318
"4323012","043",9827.6318
"4323013","043",9827.6318
"4323013","043",9827.6318
"4330001","043",9827.6318
"4330001","043",9827.6318
"4330005","043",9827.6318
"4330005","043",9827.6318
"4331005","043",9827.6318
"4331005","043",9827.6318
"4331006","043",9827.6318
"4331006","043",9827.6318
"4331007","043",9827.6318
"4331007","043",9827.6318
"4331008","043",9827.6318
"4331008","043",9827.6318
"4331009","043",9827.6318
"4331009","043",9827.6318
"4331010","043",9827.6318
"4331010","043",9827.6318
"4331011","043",9827.6318
"4331011","043",9827.6318
"4331012","043",9827.6318
"4331012","043",9827.6318
"4331013","043",9827.6318
"4331013","043",9827.6318
"4331014","043",9827.6318
"4331014","043",9827.6318
"4331015","043",9827.6318
"4331015","043",9827.6318
"4331016","043",9827.6318
"4331016","043",9827.6318
"4331017","043",9827.6318
"4331017","043",9827.6318
"4331018","043",9827.6318
"4331018","043",9827.6318
"4334002","043",9827.6318
"4334002","043",9827.6318
"4334006","043",9827.6318
"4334006","043",9827.6318
"4335003","043",9827.6318
"4335003","043",9827.6318
"4335004","043",9827.6318
"4335004","043",9827.6318
"4335005","044",2298.2302
"4335005","044",2298.2302
"4335006","043",9827.6318
"4335006","043",9827.6318
"4335007","044",2298.2302
"4335007","044",2298.2302
"4335008","043",9827.6318
"4335008","043",9827.6318
"4335009","043",9827.6318
"4335009","043",9827.6318
"4335010","043",9827.6318
"4335010","043",9827.6318
"4400003","044",2298.2302
"4400003","044",2298.2302
"4400004","044",2298.2302
"4400004","044",2298.2302
"4400005","044",2298.2302
"4400005","044",2298.2302
"4400006","044",2298.2302
"4400006","044",2298.2302
"4400007","044",2298.2302
"4400007","044",2298.2302
"4400008","044",2298.2302
"4400008","044",2298.2302
"4400009","044",2298.2302
"4400009","044",2298.2302
"4400010","044",2298.2302
"4400010","044",2298.2302
"4400011","044",2298.2302
"4400011","044",2298.2302
"4400012","044",2298.2302
"4400012","044",2298.2302
"4400013","044",2298.2302
"4400013","044",2298.2302
"4400014","044",2298.2302
"4400014","044",2298.2302
"4400015","044",2298.2302
"4400015","044",2298.2302
"4400016","044",2298.2302
"4400016","044",2298.2302
"4400017","044",2298.2302
"4400017","044",2298.2302
"4400018","044",2298.2302
"4400018","044",2298.2302
"4400019","044",2298.2302
"4400019","044",2298.2302
"4400020","044",2298.2302
"4400020","044",2298.2302
"4400021","044",2298.2302
"4400021","044",2298.2302
"4400022","044",2298.2302
"4400022","044",2298.2302
"4400023","044",2298.2302
"4400023","044",2298.2302
"4400024","044",2298.2302
"4400024","044",2298.2302
"4400025","044",2298.2302
"4400025","044",2298.2302
"4400026","044",2298.2302
"4400026","044",2298.2302
"4400027","044",2298.2302
"4400027","044",2298.2302
"4400028","044",2298.2302
"4400028","044",2298.2302
"4400029","044",2298.2302
"4400029","044",2298.2302
"4400030","044",2298.2302
"4400030","044",2298.2302
"4400031","044",2298.2302
"4400031","044",2298.2302
"4400032","044",2298.2302
"4400032","044",2298.2302
"4400033","044",2298.2302
"4400033","044",2298.2302
"4400034","044",2298.2302
"4400034","044",2298.2302
"4400035","044",2298.2302
"4400035","044",2298.2302
"4400036","044",2298.2302
"4400036","044",2298.2302
"4400037","043",9827.6318
"4400037","043",9827.6318
"4400038","044",2298.2302
"4400038","044",2298.2302
"4400039","044",2298.2302
"4400039","044",2298.2302
"4400040","044",2298.2302
"4400040","044",2298.2302
"4400041","044",2298.2302
"4400041","044",2298.2302
"4400042","044",2298.2302
"4400042","044",2298.2302
"4410002","044",2298.2302
"4410002","044",2298.2302
"4410003","044",2298.2302
"4410003","044",2298.2302
"4410005","044",2298.2302
"4410005","044",2298.2302
"4410007","044",2298.2302
"4410007","044",2298.2302
"4503004","045",11695.5508
"4503004","045",11695.5508
"4503005","045",11695.5508
"4503005","045",11695.5508
"4506008","045",11695.5508
"4506008","045",11695.5508
"4506009","045",11695.5508
"4506009","045",11695.5508
"4516004","045",11695.5508
"4516004","045",11695.5508
"4522004","045",11695.5508
"4522004","045",11695.5508
"4522005","045",11695.5508
"4522005","045",11695.5508
"4522006","045",11695.5508
"4522006","045",11695.5508
"4522007","045",11695.5508
"4522007","045",11695.5508
"4524002","045",11695.5508
"4524002","045",11695.5508
"4524003","045",11695.5508
"4524003","045",11695.5508
"4524004","045",11695.5508
"4524004","045",11695.5508
"4531004","045",11695.5508
"4531004","045",11695.5508
"4531005","045",11695.5508
"4531005","045",11695.5508
"4532008","045",11695.5508
"4532008","045",11695.5508
"4532009","045",11695.5508
"4532009","045",11695.5508
"4532010","045",11695.5508
"4532010","045",11695.5508
"4533003","045",11695.5508
"4533003","045",11695.5508
"4533004","045",11695.5508
"4533004","045",11695.5508
"4533005","045",11695.5508
"4533005","045",11695.5508
"4533006","045",11695.5508
"4533006","045",11695.5508
"4537004","045",11695.5508
"4537004","045",11695.5508
"4537005","045",11695.5508
"4537005","045",11695.5508
"4537006","045",11695.5508
"4537006","045",11695.5508
"4537007","045",11695.5508
"4537007","045",11695.5508
"4537008","045",11695.5508
"4537008","045",11695.5508
"4537009","045",11695.5508
"4537009","045",11695.5508
"4537010","045",11695.5508
"4537010","045",11695.5508
"4537011","045",11695.5508
"4537011","045",11695.5508
"4540007","045",11695.5508
"4540007","045",11695.5508
"4540008","045",11695.5508
"4540008","045",11695.5508
"4540009","045",11695.5508
"4540009","045",11695.5508
"4540010","045",11695.5508
"4540010","045",11695.5508
"4540011","045",11695.5508
"4540011","045",11695.5508
"4540012","045",11695.5508
"4540012","045",11695.5508
"4550004","045",11695.5508
"4550004","045",11695.5508
"4550005","045",11695.5508
"4550005","045",11695.5508
"4550006","045",11695.5508
"4550006","045",11695.5508
"4550007","045",11695.5508
"4550007","045",11695.5508
"4550008","045",11695.5508
"4550008","045",11695.5508
"4551006","045",11695.5508
"4551006","045",11695.5508
"4551007","045",11695.5508
"4551007","045",11695.5508
"4552003","045",11695.5508
"4552003","045",11695.5508
"4552004","045",11695.5508
"4552004","045",11695.5508
"4552005","045",11695.5508
"4552005","045",11695.5508
"4553003","045",11695.5508
"4553003","045",11695.5508
"4553004","045",11695.5508
"4553004","045",11695.5508
"4553005","045",11695.5508
"4553005","045",11695.5508
"4553006","045",11695.5508
"4553006","045",11695.5508
"4553007","045",11695.5508
"4553007","045",11695.5508
"4553008","045",11695.5508
"4553008","045",11695.5508
"4555002","045",11695.5508
"4555002","045",11695.5508
"4555003","045",11695.5508
"4555003","045",11695.5508
"4555004","045",11695.5508
"4555004","045",11695.5508
"4555005","045",11695.5508
"4555005","045",11695.5508
"4555006","045",11695.5508
"4555006","045",11695.5508
"4556002","045",11695.5508
"4556002","045",11695.5508
"4556003","045",11695.5508
"4556003","045",11695.5508
"4711005","047",7653.0166
"4711005","047",7653.0166
"4711012","047",7653.0166
"4711012","047",7653.0166
"4713005","047",7653.0166
"4713005","047",7653.0166
"4714002","047",7653.0166
"4714002","047",7653.0166
"4723003","047",7653.0166
"4723003","047",7653.0166
"4723004","047",7653.0166
"4723004","047",7653.0166
"4723005","047",7653.0166
"4723005","047",7653.0166
"4725002","047",7653.0166
"4725002","047",7653.0166
"4725003","047",7653.0166
"4725003","047",7653.0166
"4726005","047",7653.0166
"4726005","047",7653.0166
"4726006","047",7653.0166
"4726006","047",7653.0166
"4730005","047",7653.0166
"4730005","047",7653.0166
"4734001","047",7653.0166
"4734001","047",7653.0166
"4735002","048",1292.7865
"4735002","047",7653.0166
"4735002","048",1292.7865
"4735003","047",7653.0166
"4735003","046",1665.746
"4735003","047",7653.0166
"4800001","048",1292.7865
"4800001","048",1292.7865
"4810004","048",1292.7865
"4810004","048",1292.7865
"4900006","049",783.1363
"4900006","049",783.1363
"4902006","049",783.1363
"4902006","049",783.1363
"4902007","049",783.1363
"4902007","049",783.1363
"5100008","051",1988.0513
"5100008","051",1988.0513
"5100009","051",1988.0513
"5100009","051",1988.0513
"5100010","051",1988.0513
"5100010","051",1988.0513
"5101007","051",1988.0513
"5101007","051",1988.0513
"5110004","051",1988.0513
"5110004","051",1988.0513
"5110005","051",1988.0513
"5110005","051",1988.0513
"5110006","051",1988.0513
"5110006","051",1988.0513
"5111005","051",1988.0513
"5111005","051",1988.0513
"5120007","051",1988.0513
"5120007","051",1988.0513
"5120008","051",1988.0513
"5120008","051",1988.0513
"5120009","051",1988.0513
"5120009","051",1988.0513
"5120010","051",1988.0513
"5120010","051",1988.0513
"5120011","051",1988.0513
"5120011","051",1988.0513
"5120012","051",1988.0513
"5120012","051",1988.0513
"5120013","051",1988.0513
"5120013","051",1988.0513
"5120014","051",1988.0513
"5120014","051",1988.0513
"5120015","051",1988.0513
"5120015","051",1988.0513
"5120016","051",1988.0513
"5120016","051",1988.0513
"5120017","051",1988.0513
"5120017","051",1988.0513
"5120018","051",1988.0513
"5120018","051",1988.0513
"5120022","051",1988.0513
"5120022","051",1988.0513
"5200008","052",1980.0596
"5200008","052",1980.0596
"5210003","052",1980.0596
"5210003","052",1980.0596
"5210005","052",1980.0596
"5210005","052",1980.0596
"5210006","052",1980.0596
"5210006","052",1980.0596
"5210007","052",1980.0596
"5210007","052",1980.0596
"5210008","052",1980.0596
"5210008","052",1980.0596
"5211006","052",1980.0596
"5211006","052",1980.0596
"5220009","052",1980.0596
"5220009","052",1980.0596
"5220010","052",1980.0596
"5220010","052",1980.0596
"5220011","052",1980.0596
"5220011","052",1980.0596
"5220012","051",1988.0513
"5220012","051",1988.0513
"5220013","052",1980.0596
"5220013","052",1980.0596
"5221007","052",1980.0596
"5221007","052",1980.0596
"5221008","052",1980.0596
"5221008","052",1980.0596
"5221009","052",1980.0596
"5221009","052",1980.0596
"5221010","052",1980.0596
"5221010","052",1980.0596
"5221011","052",1980.0596
"5221011","052",1980.0596
"5221015","052",1980.0596
"5221015","052",1980.0596
"5320008","053",850.0989
"5320008","053",850.0989
"5320009","053",850.0989
"5320009","053",850.0989
"5410009","054",7335.0723
"5410009","054",7335.0723
"5410010","054",7335.0723
"5410010","054",7335.0723
"5410011","054",7335.0723
"5410011","054",7335.0723
"5410012","054",7335.0723
"5410012","054",7335.0723
"5410013","054",7335.0723
"5410013","054",7335.0723
"5410014","054",7335.0723
"5410014","054",7335.0723
"5410015","054",7335.0723
"5410015","054",7335.0723
"5410016","054",7335.0723
"5410016","054",7335.0723
"5410017","054",7335.0723
"5410017","054",7335.0723
"5410018","054",7335.0723
"5410018","054",7335.0723
"5410019","054",7335.0723
"5410019","054",7335.0723
"5410020","054",7335.0723
"5410020","054",7335.0723
"5410021","054",7335.0723
"5410021","054",7335.0723
"5410023","054",7335.0723
"5410023","054",7335.0723
"5414006","054",7335.0723
"5414006","054",7335.0723
"5414007","054",7335.0723
"5414007","054",7335.0723
"5414008","054",7335.0723
"5414008","054",7335.0723
"5414009","054",7335.0723
"5414009","054",7335.0723
"5415005","054",7335.0723
"5415005","054",7335.0723
"5415006","054",7335.0723
"5415006","054",7335.0723
"5415007","054",7335.0723
"5415007","054",7335.0723
"5415008","054",7335.0723
"5415008","054",7335.0723
"5415009","054",7335.0723
"5415009","054",7335.0723
"5420006","054",7335.0723
"5420006","054",7335.0723
"5420007","054",7335.0723
"5420007","054",7335.0723
"5420008","054",7335.0723
"5420008","054",7335.0723
"5420009","054",7335.0723
"5420009","054",7335.0723
"5420012","054",7335.0723
"5420012","054",7335.0723
"5420013","054",7335.0723
"5420013","054",7335.0723
"5421006","054",7335.0723
"5421006","054",7335.0723
"5422003","054",7335.0723
"5422003","054",7335.0723
"5422004","054",7335.0723
"5422004","054",7335.0723
"5422005","054",7335.0723
"5422005","054",7335.0723
"5423014","054",7335.0723
"5423014","054",7335.0723
"5423015","054",7335.0723
"5423015","054",7335.0723
"5423016","054",7335.0723
"5423016","054",7335.0723
"5423018","054",7335.0723
"5423018","054",7335.0723
"5423019","054",7335.0723
"5423019","054",7335.0723
"5423020","054",7335.0723
"5423020","054",7335.0723
"5423024","054",7335.0723
"5423024","054",7335.0723
"5424006","054",7335.0723
"5424006","054",7335.0723
"5424008","054",7335.0723
"5424008","054",7335.0723
"5424009","054",7335.0723
"5424009","054",7335.0723
"5424010","054",7335.0723
"5424010","054",7335.0723
"5424011","054",7335.0723
"5424011","054",7335.0723
"5424012","054",7335.0723
"5424012","054",7335.0723
"5425004","054",7335.0723
"5425004","054",7335.0723
"5425005","054",7335.0723
"5425005","054",7335.0723
"5425006","054",7335.0723
"5425006","054",7335.0723
"5426005","054",7335.0723
"5426005","054",7335.0723
"5426006","054",7335.0723
"5426006","054",7335.0723
"5426007","054",7335.0723
"5426007","054",7335.0723
"5426008","054",7335.0723
"5426008","054",7335.0723
"5426009","054",7335.0723
"5426009","054",7335.0723
"5426010","054",7335.0723
"5426010","054",7335.0723
"5426011","054",7335.0723
"5426011","054",7335.0723
"5426012","054",7335.0723
"5426012","054",7335.0723
"5426013","054",7335.0723
"5426013","054",7335.0723
"5426014","054",7335.0723
"5426014","054",7335.0723
"5426015","054",7335.0723
"5426015","054",7335.0723
"5426016","054",7335.0723
"5426016","054",7335.0723
"5426017","054",7335.0723
"5426017","054",7335.0723
"5426018","054",7335.0723
"5426018","054",7335.0723
"5426019","054",7335.0723
"5426019","054",7335.0723
"5426020","054",7335.0723
"5426020","054",7335.0723
"5426021","054",7335.0723
"5426021","054",7335.0723
"5426022","054",7335.0723
"5426022","054",7335.0723
"5426023","054",7335.0723
"5426023","054",7335.0723
"5426029","054",7335.0723
"5426029","054",7335.0723
"5426031","054",7335.0723
"5426031","054",7335.0723
"5427009","054",7335.0723
"5427009","054",7335.0723
"5427010","054",7335.0723
"5427010","054",7335.0723
"5427011","054",7335.0723
"5427011","054",7335.0723
"5427012","054",7335.0723
"5427012","054",7335.0723
"5427013","054",7335.0723
"5427013","054",7335.0723
"5427014","054",7335.0723
"5427014","054",7335.0723
"5427016","054",7335.0723
"5427016","054",7335.0723
"5428003","054",7335.0723
"5428003","054",7335.0723
"5428004","054",7335.0723
"5428004","054",7335.0723
"5428005","054",7335.0723
"5428005","054",7335.0723
"5428006","054",7335.0723
"5428006","054",7335.0723
"5428007","054",7335.0723
"5428007","054",7335.0723
"5428008","054",7335.0723
"5428008","054",7335.0723
"5428009","054",7335.0723
"5428009","053",850.0989
"5428009","054",7335.0723
"5428010","054",7335.0723
"5428010","054",7335.0723
"5428011","054",7335.0723
"5428011","054",7335.0723
"5428012","054",7335.0723
"5428012","054",7335.0723
"5500006","055",2305.6833
"5500006","055",2305.6833
"5520003","055",2305.6833
"5520003","055",2305.6833
"5520004","055",2305.6833
"5520004","055",2305.6833
"5520005","055",2305.6833
"5520005","055",2305.6833
"5520006","055",2305.6833
"5520006","055",2305.6833
"5520007","055",2305.6833
"5520007","055",2305.6833
"5520008","055",2305.6833
"5520008","055",2305.6833
"5520009","055",2305.6833
"5520009","055",2305.6833
"5520010","055",2305.6833
"5520010","055",2305.6833
"5520011","055",2305.6833
"5520011","055",2305.6833
"5520012","055",2305.6833
"5520012","055",2305.6833
"5520013","055",2305.6833
"5520013","055",2305.6833
"5520014","055",2305.6833
"5520014","055",2305.6833
"5520015","055",2305.6833
"5520015","055",2305.6833
"5520016","055",2305.6833
"5520016","055",2305.6833
"5520017","055",2305.6833
"5520017","055",2305.6833
"5520018","055",2305.6833
"5520018","055",2305.6833
"5520019","055",2305.6833
"5520019","055",2305.6833
"5520020","055",2305.6833
"5520020","055",2305.6833
"5520021","055",2305.6833
"5520021","055",2305.6833
"5520022","055",2305.6833
"5520022","055",2305.6833
"5520023","055",2305.6833
"5520023","055",2305.6833
"5520024","055",2305.6833
"5520024","055",2305.6833
"5520025","055",2305.6833
"5520025","055",2305.6833
"5520026","055",2305.6833
"5520026","055",2305.6833
"5520027","055",2305.6833
"5520027","055",2305.6833
"5520028","055",2305.6833
"5520028","055",2305.6833
"5520029","055",2305.6833
"5520029","055",2305.6833
"5520030","055",2305.6833
"5520030","055",2305.6833
"5530011","055",2305.6833
"5530011","055",2305.6833
"5710008","057",15276.46
"5710008","057",15276.46
"5711004","057",15276.46
"5711004","057",15276.46
"5712004","057",15276.46
"5712004","057",15276.46
"5712005","057",15276.46
"5712005","057",15276.46
"5712006","057",15276.46
"5712006","057",15276.46
"5712007","057",15276.46
"5712007","057",15276.46
"5712008","057",15276.46
"5712008","057",15276.46
"5713005","057",15276.46
"5713005","057",15276.46
"5713006","057",15276.46
"5713006","057",15276.46
"5713007","057",15276.46
"5713007","057",15276.46
"5713008","057",15276.46
"5713008","057",15276.46
"5713009","057",15276.46
"5713009","057",15276.46
"5713010","057",15276.46
"5713010","057",15276.46
"5713011","057",15276.46
"5713011","057",15276.46
"5713012","057",15276.46
"5713012","057",15276.46
"5713013","057",15276.46
"5713013","057",15276.46
"5713014","057",15276.46
"5713014","057",15276.46
"5714001","057",15276.46
"5714001","057",15276.46
"5714002","057",15276.46
"5714002","057",15276.46
"5715002","057",15276.46
"5715002","057",15276.46
"5715003","057",15276.46
"5715003","057",15276.46
"5715004","057",15276.46
"5715004","057",15276.46
"5715005","057",15276.46
"5715005","057",15276.46
"5715010","057",15276.46
"5715010","057",15276.46
"5716006","057",15276.46
"5716006","057",15276.46
"5716007","057",15276.46
"5716007","057",15276.46
"5716014","057",15276.46
"5716014","057",15276.46
"5716024","057",15276.46
"5716024","057",15276.46
"5717009","057",15276.46
"5717009","057",15276.46
"5717010","057",15276.46
"5717010","057",15276.46
"5723002","057",15276.46
"5723002","057",15276.46
"5730017","057",15276.46
"5730017","057",15276.46
"5730018","057",15276.46
"5730018","057",15276.46
"5730019","057",15276.46
"5730019","057",15276.46
"5730020","057",15276.46
"5730020","057",15276.46
"5730021","057",15276.46
"5730021","057",15276.46
"5730022","057",15276.46
"5730022","057",15276.46
"5730023","057",15276.46
"5730023","057",15276.46
"5730024","057",15276.46
"5730024","057",15276.46
"5730025","057",15276.46
"5730025","057",15276.46
"5730026","057",15276.46
"5730026","057",15276.46
"5730027","057",15276.46
"5730027","057",15276.46
"5730028","057",15276.46
"5730028","057",15276.46
"5730029","057",15276.46
"5730029","057",15276.46
"5730030","057",15276.46
"5730030","057",15276.46
"5730031","057",15276.46
"5730031","057",15276.46
"5730032","057",15276.46
"5730032","057",15276.46
"5730033","057",15276.46
"5730033","057",15276.46
"5730034","057",15276.46
"5730034","057",15276.46
"5730035","057",15276.46
"5730035","057",15276.46
"5730036","057",15276.46
"5730036","057",15276.46
"5730037","057",15276.46
"5730037","057",15276.46
"5730038","057",15276.46
"5730038","057",15276.46
"5730040","057",15276.46
"5730040","057",15276.46
"5730041","057",15276.46
"5730041","057",15276.46
"5730043","057",15276.46
"5730043","057",15276.46
"5730044","057",15276.46
"5730044","057",15276.46
"5730045","057",15276.46
"5730045","057",15276.46
"5730047","057",15276.46
"5730047","057",15276.46
"5730048","057",15276.46
"5730048","057",15276.46
"5730049","057",15276.46
"5730049","057",15276.46
"5730050","057",15276.46
"5730050","057",15276.46
"5730051","057",15276.46
"5730051","057",15276.46
"5730053","057",15276.46
"5730053","057",15276.46
"5730054","057",15276.46
"5730054","057",15276.46
"5730055","057",15276.46
"5730055","057",15276.46
"5730056","057",15276.46
"5730056","057",15276.46
"5731001","057",15276.46
"5731001","057",15276.46
"5731002","057",15276.46
"5731002","057",15276.46
"5731003","057",15276.46
"5731003","057",15276.46
"5731004","057",15276.46
"5731004","057",15276.46
"5731005","057",15276.46
"5731005","057",15276.46
"5731006","057",15276.46
"5731006","057",15276.46
"5732003","057",15276.46
"5732003","057",15276.46
"5732004","057",15276.46
"5732004","057",15276.46
"5732005","057",15276.46
"5732005","057",15276.46
"5732006","057",15276.46
"5732006","057",15276.46
"5732007","057",15276.46
"5732007","057",15276.46
"5732008","057",15276.46
"5732008","057",15276.46
"5732009","057",15276.46
"5732009","057",15276.46
"5732010","057",15276.46
"5732010","057",15276.46
"5732011","057",15276.46
"5732011","057",15276.46
"5733011","057",15276.46
"5733011","057",15276.46
"5733012","057",15276.46
"5733012","057",15276.46
"5733013","057",15276.46
"5733013","057",15276.46
"5734003","057",15276.46
"5734003","057",15276.46
"5734004","057",15276.46
"5734004","057",15276.46
"5734005","057",15276.46
"5734005","057",15276.46
"5734006","057",15276.46
"5734006","057",15276.46
"5734007","057",15276.46
"5734007","057",15276.46
"5734008","057",15276.46
"5734008","057",15276.46
"5734009","057",15276.46
"5734009","057",15276.46
"5734010","057",15276.46
"5734010","057",15276.46
"5734011","057",15276.46
"5734011","057",15276.46
"5734012","057",15276.46
"5734012","057",15276.46
"5735006","057",15276.46
"5735006","057",15276.46
"5735007","057",15276.46
"5735007","057",15276.46
"5735008","057",15276.46
"5735008","057",15276.46
"5735009","057",15276.46
"5735009","057",15276.46
"5735010","057",15276.46
"5735010","057",15276.46
"5735011","057",15276.46
"5735011","057",15276.46
"5735012","057",15276.46
"5735012","057",15276.46
"5735013","057",15276.46
"5735013","057",15276.46
"5735014","057",15276.46
"5735014","057",15276.46
"5735015","057",15276.46
"5735015","057",15276.46
"5735025","057",15276.46
"5735025","057",15276.46
"5736002","057",15276.46
"5736002","057",15276.46
"5736003","057",15276.46
"5736003","057",15276.46
"5736004","057",15276.46
"5736004","057",15276.46
"5736005","057",15276.46
"5736005","057",15276.46
"5736007","057",15276.46
"5736007","057",15276.46
"5737009","057",15276.46
"5737009","057",15276.46
"5737010","057",15276.46
"5737010","057",15276.46
"5737011","057",15276.46
"5737011","057",15276.46
"5737012","057",15276.46
"5737012","057",15276.46
"5737013","057",15276.46
"5737013","057",15276.46
"5737014","057",15276.46
"5737014","057",15276.46
"5737015","057",15276.46
"5737015","057",15276.46
"5737016","057",15276.46
"5737016","057",15276.46
"5737017","057",15276.46
"5737017","057",15276.46
"5740006","057",15276.46
"5740006","057",15276.46
"5740007","057",15276.46
"5740007","057",15276.46
"5740008","057",15276.46
"5740008","057",15276.46
"5740009","057",15276.46
"5740009","057",15276.46
"5744004","057",15276.46
"5744004","057",15276.46
"5744005","057",15276.46
"5744005","057",15276.46
"5744006","057",15276.46
"5744006","057",15276.46
"5744007","057",15276.46
"5744007","057",15276.46
"5744008","057",15276.46
"5744008","057",15276.46
"5745002","057",15276.46
"5745002","057",15276.46
"5745003","057",15276.46
"5745003","057",15276.46
"5746003","057",15276.46
"5746003","057",15276.46
"5747002","057",15276.46
"5747002","057",15276.46
"5747003","057",15276.46
"5747003","057",15276.46
"5747004","057",15276.46
"5747004","057",15276.46
"5747005","057",15276.46
"5747005","057",15276.46
"5747006","057",15276.46
"5747006","057",15276.46
"5748004","057",15276.46
"5748004","057",15276.46
"5800003","058",1071.3564
"5800003","058",1071.3564
"5800008","058",1071.3564
"5800008","058",1071.3564
"5800014","058",1071.3564
"5800014","058",1071.3564
"5800015","058",1071.3564
"5800015","058",1071.3564
"6010017","060",13765.7207
"6010017","060",13765.7207
"6010018","060",13765.7207
"6010018","060",13765.7207
"6010019","060",13765.7207
"6010019","060",13765.7207
"6010021","060",13765.7207
"6010021","060",13765.7207
"6011004","060",13765.7207
"6011004","060",13765.7207
"6011005","060",13765.7207
"6011005","060",13765.7207
"6011006","060",13765.7207
"6011006","060",13765.7207
"6011007","060",13765.7207
"6011007","060",13765.7207
"6011008","060",13765.7207
"6011008","060",13765.7207
"6011009","060",13765.7207
"6011009","060",13765.7207
"6011010","060",13765.7207
"6011010","060",13765.7207
"6011011","060",13765.7207
"6011011","060",13765.7207
"6011012","057",15276.46
"6011012","057",15276.46
"6011013","060",13765.7207
"6011013","060",13765.7207
"6011014","057",15276.46
"6011014","057",15276.46
"6011015","057",15276.46
"6011015","057",15276.46
"6011016","060",13765.7207
"6011016","060",13765.7207
"6011017","060",13765.7207
"6011017","060",13765.7207
"6011018","060",13765.7207
"6011018","060",13765.7207
"6011019","060",13765.7207
"6011019","060",13765.7207
"6011020","060",13765.7207
"6011020","060",13765.7207
"6011021","060",13765.7207
"6011021","060",13765.7207
"6011022","060",13765.7207
"6011022","060",13765.7207
"6011023","060",13765.7207
"6011023","060",13765.7207
"6011024","060",13765.7207
"6011024","060",13765.7207
"6012004","060",13765.7207
"6012004","060",13765.7207
"6012005","060",13765.7207
"6012005","060",13765.7207
"6012006","060",13765.7207
"6012006","060",13765.7207
"6012007","060",13765.7207
"6012007","060",13765.7207
"6012008","060",13765.7207
"6012008","060",13765.7207
"6012009","060",13765.7207
"6012009","060",13765.7207
"6012010","060",13765.7207
"6012010","060",13765.7207
"6012011","060",13765.7207
"6012011","060",13765.7207
"6012012","060",13765.7207
"6012012","060",13765.7207
"6012013","060",13765.7207
"6012013","060",13765.7207
"6012014","060",13765.7207
"6012014","060",13765.7207
"6012015","060",13765.7207
"6012015","060",13765.7207
"6012016","060",13765.7207
"6012016","060",13765.7207
"6012017","060",13765.7207
"6012017","060",13765.7207
"6012018","060",13765.7207
"6012018","060",13765.7207
"6012019","060",13765.7207
"6012019","060",13765.7207
"6012020","060",13765.7207
"6012020","060",13765.7207
"6013007","060",13765.7207
"6013007","060",13765.7207
"6014003","060",13765.7207
"6014003","060",13765.7207
"6014004","060",13765.7207
"6014004","060",13765.7207
"6014005","060",13765.7207
"6014005","060",13765.7207
"6014006","060",13765.7207
"6014006","060",13765.7207
"6014007","060",13765.7207
"6014007","060",13765.7207
"6014008","060",13765.7207
"6014008","060",13765.7207
"6015004","060",13765.7207
"6015004","060",13765.7207
"6015005","060",13765.7207
"6015005","060",13765.7207
"6015006","060",13765.7207
"6015006","060",13765.7207
"6015007","060",13765.7207
"6015007","060",13765.7207
"6015008","060",13765.7207
"6015008","060",13765.7207
"6015009","060",13765.7207
"6015009","060",13765.7207
"6015010","060",13765.7207
"6015010","060",13765.7207
"6015011","060",13765.7207
"6015011","060",13765.7207
"6015012","060",13765.7207
"6015012","060",13765.7207
"6015013","060",13765.7207
"6015013","060",13765.7207
"6015014","060",13765.7207
"6015014","060",13765.7207
"6015015","060",13765.7207
"6015015","060",13765.7207
"6015016","060",13765.7207
"6015016","060",13765.7207
"6015017","060",13765.7207
"6015017","060",13765.7207
"6015018","060",13765.7207
"6015018","060",13765.7207
"6015019","060",13765.7207
"6015019","060",13765.7207
"6015020","060",13765.7207
"6015020","060",13765.7207
"6016005","060",13765.7207
"6016005","060",13765.7207
"6016006","060",13765.7207
"6016006","060",13765.7207
"6016007","060",13765.7207
"6016007","060",13765.7207
"6016008","060",13765.7207
"6016008","060",13765.7207
"6016009","060",13765.7207
"6016009","060",13765.7207
"6016010","060",13765.7207
"6016010","060",13765.7207
"6016011","060",13765.7207
"6016011","060",13765.7207
"6016012","060",13765.7207
"6016012","060",13765.7207
"6016013","060",13765.7207
"6016013","060",13765.7207
"6016014","060",13765.7207
"6016014","060",13765.7207
"6016015","060",13765.7207
"6016015","060",13765.7207
"6017002","060",13765.7207
"6017002","060",13765.7207
"6017003","060",13765.7207
"6017003","060",13765.7207
"6018011","060",13765.7207
"6018011","060",13765.7207
"6018012","060",13765.7207
"6018012","060",13765.7207
"6018013","060",13765.7207
"6018013","060",13765.7207
"6018014","060",13765.7207
"6018014","060",13765.7207
"6018015","060",13765.7207
"6018015","060",13765.7207
"6018016","060",13765.7207
"6018016","060",13765.7207
"6018017","060",13765.7207
"6018017","060",13765.7207
"6018018","060",13765.7207
"6018018","060",13765.7207
"6018020","060",13765.7207
"6018020","060",13765.7207
"6018021","060",13765.7207
"6018021","060",13765.7207
"6018022","060",13765.7207
"6018022","060",13765.7207
"6018023","060",13765.7207
"6018023","060",13765.7207
"6018024","060",13765.7207
"6018024","060",13765.7207
"6019006","060",13765.7207
"6019006","060",13765.7207
"6019007","060",13765.7207
"6019007","060",13765.7207
"6019008","060",13765.7207
"6019008","060",13765.7207
"6019009","060",13765.7207
"6019009","060",13765.7207
"6019010","060",13765.7207
"6019010","060",13765.7207
"6019011","060",13765.7207
"6019011","060",13765.7207
"6019012","060",13765.7207
"6019012","060",13765.7207
"6019013","060",13765.7207
"6019013","060",13765.7207
"6019014","060",13765.7207
"6019014","060",13765.7207
"6019015","060",13765.7207
"6019015","060",13765.7207
"6019016","060",13765.7207
"6019016","060",13765.7207
"6030002","060",13765.7207
"6030002","060",13765.7207
"6030003","060",13765.7207
"6030003","060",13765.7207
"6030004","060",13765.7207
"6030004","060",13765.7207
"6030005","060",13765.7207
"6030005","060",13765.7207
"6030006","060",13765.7207
"6030006","060",13765.7207
"6030007","060",13765.7207
"6030007","060",13765.7207
"6030008","060",13765.7207
"6030008","060",13765.7207
"6030009","060",13765.7207
"6030009","060",13765.7207
"6030010","060",13765.7207
"6030010","060",13765.7207
"6031001","060",13765.7207
"6031001","060",13765.7207
"6031002","060",13765.7207
"6031002","060",13765.7207
"6031003","060",13765.7207
"6031003","060",13765.7207
"6031004","060",13765.7207
"6031004","060",13765.7207
"6031005","060",13765.7207
"6031005","060",13765.7207
"6032002","060",13765.7207
"6032002","060",13765.7207
"6033004","060",13765.7207
"6033004","060",13765.7207
"6033005","060",13765.7207
"6033005","060",13765.7207
"6033006","060",13765.7207
"6033006","060",13765.7207
"6033007","060",13765.7207
"6033007","060",13765.7207
"6033008","060",13765.7207
"6033008","060",13765.7207
"6034005","060",13765.7207
"6034005","060",13765.7207
"6034006","060",13765.7207
"6034006","060",13765.7207
"6034007","060",13765.7207
"6034007","060",13765.7207
"6034008","060",13765.7207
"6034008","060",13765.7207
"6034009","060",13765.7207
"6034009","060",13765.7207
"6034010","060",13765.7207
"6034010","060",13765.7207
"6034011","060",13765.7207
"6034011","060",13765.7207
"6034012","060",13765.7207
"6034012","060",13765.7207
"6034013","060",13765.7207
"6034013","060",13765.7207
"6034014","060",13765.7207
"6034014","060",13765.7207
"6034015","060",13765.7207
"6034015","060",13765.7207
"6034016","060",13765.7207
"6034016","060",13765.7207
"6034017","060",13765.7207
"6034017","060",13765.7207
"6034018","060",13765.7207
"6034018","060",13765.7207
"6034019","060",13765.7207
"6034019","060",13765.7207
"6034020","060",13765.7207
"6034020","060",13765.7207
"6034021","060",13765.7207
"6034021","060",13765.7207
"6035002","060",13765.7207
"6035002","060",13765.7207
"6035003","060",13765.7207
"6035003","060",13765.7207
"6035004","060",13765.7207
"6035004","060",13765.7207
"6035005","060",13765.7207
"6035005","060",13765.7207
"6035006","060",13765.7207
"6035006","060",13765.7207
"6035007","060",13765.7207
"6035007","060",13765.7207
"6036002","060",13765.7207
"6036002","060",13765.7207
"6037001","060",13765.7207
"6037001","060",13765.7207
"6037002","060",13765.7207
"6037002","060",13765.7207
"6037003","060",13765.7207
"6037003","060",13765.7207
"6037004","060",13765.7207
"6037004","060",13765.7207
"6037005","060",13765.7207
"6037005","060",13765.7207
"6037006","060",13765.7207
"6037006","060",13765.7207
"6037007","060",13765.7207
"6037007","060",13765.7207
"6037008","060",13765.7207
"6037008","060",13765.7207
"6037009","060",13765.7207
"6037009","060",13765.7207
"6037010","060",13765.7207
"6037010","060",13765.7207
"6037011","060",13765.7207
"6037011","060",13765.7207
"6041002","060",13765.7207
"6041002","060",13765.7207
"6041003","060",13765.7207
"6041003","060",13765.7207
"6041004","060",13765.7207
"6041004","060",13765.7207
"6041005","060",13765.7207
"6041005","060",13765.7207
"6042005","060",13765.7207
"6042005","060",13765.7207
"6042006","060",13765.7207
"6042006","060",13765.7207
"6043002","060",13765.7207
"6043002","060",13765.7207
"6043003","060",13765.7207
"6043003","060",13765.7207
"6050001","060",13765.7207
"6050001","060",13765.7207
"6051001","060",13765.7207
"6051001","060",13765.7207
"6051002","060",13765.7207
"6051002","060",13765.7207
"6051003","060",13765.7207
"6051003","060",13765.7207
"6051004","060",13765.7207
"6051004","060",13765.7207
"6051005","060",13765.7207
"6051005","060",13765.7207
"6051006","060",13765.7207
"6051006","060",13765.7207
"6051007","060",13765.7207
"6051007","060",13765.7207
"6051008","060",13765.7207
"6051008","060",13765.7207
"6052001","060",13765.7207
"6052001","060",13765.7207
"6052002","060",13765.7207
"6052002","060",13765.7207
"6052003","060",13765.7207
"6052003","060",13765.7207
"6052004","060",13765.7207
"6052004","060",13765.7207
"6055004","061",3394.3506
"6055004","061",3394.3506
"6055005","060",13765.7207
"6055005","060",13765.7207
"6056004","060",13765.7207
"6056004","060",13765.7207
"6115001","060",13765.7207
"6115001","060",13765.7207
"6120002","061",3394.3506
"6120002","061",3394.3506
"6130004","061",3394.3506
"6130004","061",3394.3506
"6130005","061",3394.3506
"6130005","061",3394.3506
"6130006","061",3394.3506
"6130006","061",3394.3506
"6130010","061",3394.3506
"6130010","061",3394.3506
"6131001","061",3394.3506
"6131001","061",3394.3506
"6132003","061",3394.3506
"6132003","061",3394.3506
"6132004","061",3394.3506
"6132004","061",3394.3506
"7000003","070",613.0541
"7000003","070",613.0541
"7000004","070",613.0541
"7000004","070",613.0541
"7106008","071",6330.835
"7106008","071",6330.835
"7106009","071",6330.835
"7106009","071",6330.835
"7106010","071",6330.835
"7106010","071",6330.835
"7106011","071",6330.835
"7106011","071",6330.835
"7106012","071",6330.835
"7106012","071",6330.835
"7106013","071",6330.835
"7106013","071",6330.835
"7106014","071",6330.835
"7106014","071",6330.835
"7106015","071",6330.835
"7106015","071",6330.835
"7117003","071",6330.835
"7117003","071",6330.835
"7117004","071",6330.835
"7117004","071",6330.835
"7117005","071",6330.835
"7117005","071",6330.835
"7117006","071",6330.835
"7117006","071",6330.835
"7117007","071",6330.835
"7117007","071",6330.835
"7119008","071",6330.835
"7119008","071",6330.835
"7119009","071",6330.835
"7119009","071",6330.835
"7121004","071",6330.835
"7121004","071",6330.835
"7121005","071",6330.835
"7121005","071",6330.835
"7122001","071",6330.835
"7122001","071",6330.835
"7123004","071",6330.835
"7123004","071",6330.835
"7123005","071",6330.835
"7123005","071",6330.835
"7123006","071",6330.835
"7123006","071",6330.835
"7200004","072",1086.4019
"7200004","072",1086.4019
"7308004","073",21042.7402
"7308004","073",21042.7402
"7333000","073",21042.7402
"7333000","073",21042.7402
"7335005","073",21042.7402
"7335005","073",21042.7402
"7336008","073",21042.7402
"7336008","073",21042.7402
"7340005","073",21042.7402
"7340005","073",21042.7402
"7342003","073",21042.7402
"7342003","073",21042.7402
"7358011","073",21042.7402
"7358011","073",21042.7402
"7360001","073",21042.7402
"7360001","073",21042.7402
"7372004","073",21042.7402
"7372004","073",21042.7402
"7373005","073",21042.7402
"7373005","073",21042.7402
"7377001","073",21042.7402
"7377001","073",21042.7402
"7378005","073",21042.7402
"7378005","073",21042.7402
"7378006","073",21042.7402
"7378006","073",21042.7402
"7378007","073",21042.7402
"7378007","073",21042.7402
"7378008","073",21042.7402
"7378008","073",21042.7402
"7378009","073",21042.7402
"7378009","073",21042.7402
"7378010","073",21042.7402
"7378010","073",21042.7402
"7379003","073",21042.7402
"7379003","073",21042.7402
"7381004","073",21042.7402
"7381004","073",21042.7402
"7400004","074",1992.0804
"7400004","074",1992.0804
"7430001","074",1992.0804
"7430001","074",1992.0804
"7440001","074",1992.0804
"7440001","074",1992.0804
"8106004","081",11315.6855
"8106004","081",11315.6855
"8110002","073",21042.7402
"8110002","073",21042.7402
"8110002","081",11315.6855
"8114002","081",11315.6855
"8114002","081",11315.6855
"8115003","081",11315.6855
"8115003","081",11315.6855
"8117011","081",11315.6855
"8117011","081",11315.6855
"8117021","081",11315.6855
"8117021","081",11315.6855
"8118015","081",11315.6855
"8118015","081",11315.6855
"8131003","081",11315.6855
"8131003","081",11315.6855
"8134005","081",11315.6855
"8134005","081",11315.6855
"8140006","081",11315.6855
"8140006","081",11315.6855
"8140007","081",11315.6855
"8140007","081",11315.6855
"8143000","081",11315.6855
"8143000","081",11315.6855
"8144003","081",11315.6855
"8144003","081",11315.6855
"8318003","083",24345.6152
"8318003","083",24345.6152
"8322000","083",24345.6152
"8322000","083",24345.6152
"8330004","083",24345.6152
"8330004","083",24345.6152
"8358006","083",24345.6152
"8358006","083",24345.6152
"8362002","083",24345.6152
"8362002","083",24345.6152
"8366003","083",24345.6152
"8366003","083",24345.6152
"8381012","083",24345.6152
"8381012","083",24345.6152
"8384000","083",24345.6152
"8384000","083",24345.6152
"8385005","083",24345.6152
"8385005","083",24345.6152
"8410004","084",393.5772
"8410004","083",24345.6152
"8410004","084",393.5772
"9104004","091",12647.9824
"9104004","091",12647.9824
"9105003","091",12647.9824
"9105003","091",12647.9824
"9118002","091",12647.9824
"9118002","091",12647.9824
"9129007","091",12647.9824
"9129007","091",12647.9824
"9403002","094",8439.6777
"9403002","094",8439.6777
"9421003","094",8439.6777
"9421003","094",8439.6777
"9438002","094",8439.6777
"9438002","094",8439.6777
